Motif,Consensus,Species,P-value,logPval,qvalue,Target,% Target,Background,% Background,FoldEnrichment,SpeciesDifference
AMYB(HTH)/Testes-AMYB-(GSE44588),TGGCAGTTGG,Human,1.00E-02,-5.70E+00,0.0151,624,14.23%,5805.5,12.83%,1.11,0.058
AMYB(HTH)/Testes-AMYB-(GSE44588),TGGCAGTTGG,Chimp,1.00E+00,-2.10E+00,0.3164,496,13.57%,5922.6,12.91%,1.05,0.058
AP-1(bZIP)/ThioMac-PU.1-(GSE21512),VTGACTCATC,Human,1.00E-31,-7.27E+01,0,456,10.40%,2625,5.80%,1.79,0.667
AP-1(bZIP)/ThioMac-PU.1-(GSE21512),VTGACTCATC,Chimp,1.00E-01,-3.41E+00,0.1281,238,6.51%,2651.7,5.78%,1.13,0.667
AP-2alpha(AP2)/Hela-AP2alpha-(GSE31477),ATGCCCTGAGGC,Human,1.00E-01,-2.66E+00,0.1968,342,7.80%,3261.8,7.21%,1.08,0.054
AP-2alpha(AP2)/Hela-AP2alpha-(GSE31477),ATGCCCTGAGGC,Chimp,1.00E-02,-4.72E+00,0.0572,336,9.19%,3713.2,8.09%,1.14,0.054
AP-2gamma(AP2)/MCF7-TFAP2C-(GSE21234),SCCTSAGGSCAW,Human,1.00E-01,-2.32E+00,0.263,444,10.12%,4315,9.54%,1.06,0.049
AP-2gamma(AP2)/MCF7-TFAP2C-(GSE21234),SCCTSAGGSCAW,Chimp,1.00E-01,-4.36E+00,0.0706,434,11.87%,4911.6,10.70%,1.11,0.049
Ap4(bHLH)/AML-Tfap4-(GSE45738),NAHCAGCTGD,Human,1.00E+00,-2.01E+00,0.3354,451,10.28%,4422.6,9.77%,1.05,0.109
Ap4(bHLH)/AML-Tfap4-(GSE45738),NAHCAGCTGD,Chimp,1.00E-03,-7.83E+00,0.0047,472,12.91%,5101.7,11.12%,1.16,0.109
AR-halfsite(NR)/LNCaP-AR-(GSE27824),CCAGGAACAG,Human,1.00E+00,-2.90E-01,1,1476,33.65%,15439.8,34.12%,0.99,0.019
AR-halfsite(NR)/LNCaP-AR-(GSE27824),CCAGGAACAG,Chimp,1.00E+00,-8.77E-01,0.7388,1331,36.41%,16622.2,36.22%,1.01,0.019
ARE(NR)/LNCAP-AR-(GSE27824),RGRACASNSTGTYCYB,Human,1.00E+00,-4.92E-01,0.9073,72,1.64%,764.4,1.69%,0.97,0.068
ARE(NR)/LNCAP-AR-(GSE27824),RGRACASNSTGTYCYB,Chimp,1.00E+00,-9.16E-01,0.7255,69,1.89%,836.7,1.82%,1.04,0.068
Arnt:Ahr(bHLH)/MCF7-Arnt-(Lo_et_al.),TBGCACGCAA,Human,1.00E-01,-2.67E+00,0.1968,202,4.61%,1875.4,4.14%,1.11,0.123
Arnt:Ahr(bHLH)/MCF7-Arnt-(Lo_et_al.),TBGCACGCAA,Chimp,1.00E-02,-6.16E+00,0.018,189,5.17%,1918.4,4.18%,1.24,0.123
Ascl1(bHLH)/NeuralTubes-Ascl1-(GSE55840),NNVVCAGCTGBN,Human,1.00E+00,-8.74E-01,0.7642,611,13.93%,6250.6,13.81%,1.01,0.019
Ascl1(bHLH)/NeuralTubes-Ascl1-(GSE55840),NNVVCAGCTGBN,Chimp,1.00E+00,-1.41E+00,0.5064,589,16.11%,7196.4,15.68%,1.03,0.019
Atf1(bZIP)/K562-ATF1-(GSE31477),GATGACGTCA,Human,1.00E+00,-4.29E-02,1,272,6.20%,3096.6,6.84%,0.91,0.117
Atf1(bZIP)/K562-ATF1-(GSE31477),GATGACGTCA,Chimp,1.00E+00,-1.72E-04,1,194,5.31%,3087.5,6.73%,0.79,0.117
Atf2(bZIP)/3T3L1-Atf2-(GSE56872),NRRTGACGTCAT,Human,1.00E+00,-2.00E-01,1,114,2.60%,1274.1,2.82%,0.92,0.051
Atf2(bZIP)/3T3L1-Atf2-(GSE56872),NRRTGACGTCAT,Chimp,1.00E+00,-4.91E-01,0.9255,94,2.57%,1210.5,2.64%,0.97,0.051
Atf3(bZIP)/GBM-ATF3-(GSE33912),DATGASTCATHN,Human,1.00E-40,-9.40E+01,0,449,10.24%,2337.6,5.17%,1.98,0.817
Atf3(bZIP)/GBM-ATF3-(GSE33912),DATGASTCATHN,Chimp,1.00E-01,-4.29E+00,0.0711,216,5.91%,2330.9,5.08%,1.16,0.817
Atf4(bZIP)/MEF-Atf4-(GSE35681),MTGATGCAAT,Human,1.00E+00,-7.65E-01,0.7978,121,2.76%,1235.6,2.73%,1.01,0.233
Atf4(bZIP)/MEF-Atf4-(GSE35681),MTGATGCAAT,Chimp,1.00E+00,-1.03E-02,1,73,2.00%,1179.3,2.57%,0.78,0.233
Atf7(bZIP)/3T3L1-Atf7-(GSE56872),NGRTGACGTCAY,Human,1.00E+00,-1.41E-03,1,174,3.97%,2218.5,4.90%,0.81,0.064
Atf7(bZIP)/3T3L1-Atf7-(GSE56872),NGRTGACGTCAY,Chimp,1.00E+00,-1.50E-04,1,130,3.56%,2186.9,4.77%,0.75,0.064
Atoh1(bHLH)/Cerebellum-Atoh1-(GSE22111),VNRVCAGCTGGY,Human,1.00E+00,-6.41E-01,0.8548,376,8.57%,3888.2,8.59%,1.00,0.087
Atoh1(bHLH)/Cerebellum-Atoh1-(GSE22111),VNRVCAGCTGGY,Chimp,1.00E-01,-3.06E+00,0.1651,399,10.91%,4616.1,10.06%,1.08,0.087
Bach1(bZIP)/K562-Bach1-(GSE31477),AWWNTGCTGAGTCAT,Human,1.00E-09,-2.15E+01,0,42,0.96%,140.3,0.31%,3.10,1.612
Bach1(bZIP)/K562-Bach1-(GSE31477),AWWNTGCTGAGTCAT,Chimp,1.00E-01,-2.66E+00,0.2115,18,0.49%,153.5,0.33%,1.48,1.612
Bach2(bZIP)/OCILy7-Bach2-(GSE44420),TGCTGAGTCA,Human,1.00E-19,-4.58E+01,0,139,3.17%,586.1,1.30%,2.44,1.215
Bach2(bZIP)/OCILy7-Bach2-(GSE44420),TGCTGAGTCA,Chimp,1.00E-01,-2.61E+00,0.2168,58,1.59%,595.2,1.30%,1.22,1.215
Bapx1(Homeobox)/VertebralCol-Bapx1-(GSE36672),TTRAGTGSYK,Human,1.00E+00,-1.70E-04,1,1133,25.83%,12776.4,28.24%,0.91,0.089
Bapx1(Homeobox)/VertebralCol-Bapx1-(GSE36672),TTRAGTGSYK,Chimp,1.00E+00,0.00E+00,1,859,23.50%,13064.6,28.47%,0.83,0.089
BATF(bZIP)/Th17-BATF-(GSE39756),DATGASTCAT,Human,1.00E-37,-8.63E+01,0,435,9.92%,2312.6,5.11%,1.94,0.867
BATF(bZIP)/Th17-BATF-(GSE39756),DATGASTCAT,Chimp,1.00E+00,-1.87E+00,0.3552,195,5.33%,2273.9,4.96%,1.07,0.867
Bcl6(Zf)/Liver-Bcl6-(GSE31578),NNNCTTTCCAGGAAA,Human,1.00E-03,-6.98E+00,0.005,650,14.82%,5970.3,13.19%,1.12,0.019
Bcl6(Zf)/Liver-Bcl6-(GSE31578),NNNCTTTCCAGGAAA,Chimp,1.00E-03,-7.59E+00,0.0055,552,15.10%,6062.4,13.21%,1.14,0.019
bHLHE40(bHLH)/HepG2-BHLHE40-(GSE31477),KCACGTGMCN,Human,1.00E+00,-4.05E-01,0.9629,75,1.71%,809.3,1.79%,0.96,0.300
bHLHE40(bHLH)/HepG2-BHLHE40-(GSE31477),KCACGTGMCN,Chimp,1.00E+00,-1.08E-03,1,43,1.18%,825.4,1.80%,0.66,0.300
BMAL1(bHLH)/Liver-Bmal1-(GSE39860),GNCACGTG,Human,1.00E+00,-1.90E+00,0.3664,659,15.03%,6544.4,14.46%,1.04,0.093
BMAL1(bHLH)/Liver-Bmal1-(GSE39860),GNCACGTG,Chimp,1.00E+00,-8.71E-02,1,518,14.17%,6868.6,14.97%,0.95,0.093
BMYB(HTH)/Hela-BMYB-(GSE27030),NHAACBGYYV,Human,1.00E-02,-6.87E+00,0.0055,636,14.50%,5840.4,12.91%,1.12,0.042
BMYB(HTH)/Hela-BMYB-(GSE27030),NHAACBGYYV,Chimp,1.00E-01,-3.42E+00,0.1281,501,13.70%,5813.1,12.67%,1.08,0.042
BORIS(Zf)/K562-CTCFL-(GSE32465),CNNBRGCGCCCCCTGSTGGC,Human,1.00E-01,-3.39E+00,0.1091,67,1.53%,546.8,1.21%,1.26,0.549
BORIS(Zf)/K562-CTCFL-(GSE32465),CNNBRGCGCCCCCTGSTGGC,Chimp,1.00E+00,-1.71E-02,1,34,0.93%,595.7,1.30%,0.72,0.549
Brachyury(T-box)/Mesoendoderm-Brachyury-ChIP-exo(GSE54963),ANTTMRCASBNNNGTGYKAAN,Human,1.00E-01,-4.12E+00,0.062,116,2.64%,974.5,2.15%,1.23,0.054
Brachyury(T-box)/Mesoendoderm-Brachyury-ChIP-exo(GSE54963),ANTTMRCASBNNNGTGYKAAN,Chimp,1.00E-01,-2.72E+00,0.2029,94,2.57%,1004.2,2.19%,1.17,0.054
"Brn1(POU,Homeobox)/NPC-Brn1-(GSE35496)",TATGCWAATBAV,Human,1.00E-24,-5.58E+01,0,253,5.77%,1285.8,2.84%,2.03,0.123
"Brn1(POU,Homeobox)/NPC-Brn1-(GSE35496)",TATGCWAATBAV,Chimp,1.00E-16,-3.76E+01,0,198,5.42%,1305.3,2.84%,1.91,0.123
"Brn2(POU,Homeobox)/NPC-Brn2-(GSE35496)",ATGAATATTC,Human,1.00E-05,-1.16E+01,0.0001,67,1.53%,389.1,0.86%,1.78,0.425
"Brn2(POU,Homeobox)/NPC-Brn2-(GSE35496)",ATGAATATTC,Chimp,1.00E-01,-3.14E+00,0.1582,39,1.07%,364.6,0.79%,1.35,0.425
"bZIP:IRF(bZIP,IRF)/Th17-BatF-(GSE39756)",NAGTTTCABTHTGACTNW,Human,1.00E+00,-2.29E-01,1,210,4.79%,2285.2,5.05%,0.95,0.011
"bZIP:IRF(bZIP,IRF)/Th17-BatF-(GSE39756)",NAGTTTCABTHTGACTNW,Chimp,1.00E+00,-2.24E-01,1,154,4.21%,2059,4.49%,0.94,0.011
c-Jun-CRE(bZIP)/K562-cJun-(GSE31477),ATGACGTCATCY,Human,1.00E+00,-4.55E-02,1,108,2.46%,1300.9,2.88%,0.85,0.029
c-Jun-CRE(bZIP)/K562-cJun-(GSE31477),ATGACGTCATCY,Chimp,1.00E+00,-1.23E-01,1,86,2.35%,1218.8,2.66%,0.88,0.029
c-Myc(bHLH)/LNCAP-cMyc-(Unpublished),VCCACGTG,Human,1.00E+00,-1.62E+00,0.4532,115,2.62%,1093.5,2.42%,1.08,0.145
c-Myc(bHLH)/LNCAP-cMyc-(Unpublished),VCCACGTG,Chimp,1.00E+00,-3.15E-01,0.9949,83,2.27%,1108.3,2.42%,0.94,0.145
c-Myc(bHLH)/mES-cMyc-(GSE11431),VVCCACGTGG,Human,1.00E+00,-9.30E-01,0.7361,155,3.53%,1562.5,3.45%,1.02,0.112
c-Myc(bHLH)/mES-cMyc-(GSE11431),VVCCACGTGG,Chimp,1.00E+00,-1.53E-01,1,120,3.28%,1651.7,3.60%,0.91,0.112
CArG(MADS)/PUER-Srf-(Sullivan_et_al.),CCATATATGGNM,Human,1.00E-01,-4.05E+00,0.0639,147,3.35%,1268.6,2.80%,1.20,0.070
CArG(MADS)/PUER-Srf-(Sullivan_et_al.),CCATATATGGNM,Chimp,1.00E-02,-5.09E+00,0.0417,120,3.28%,1188.5,2.59%,1.27,0.070
Cdx2(Homeobox)/mES-Cdx2-(GSE14586),GYMATAAAAH,Human,1.00E+00,-5.68E-01,0.8771,350,7.98%,3638.9,8.04%,0.99,0.041
Cdx2(Homeobox)/mES-Cdx2-(GSE14586),GYMATAAAAH,Chimp,1.00E+00,-1.22E+00,0.5731,283,7.74%,3439.1,7.49%,1.03,0.041
CEBP:AP1(bZIP)/ThioMac-CEBPb-(GSE21512),DRTGTTGCAA,Human,1.00E+00,-1.77E+00,0.3998,333,7.59%,3262.6,7.21%,1.05,0.010
CEBP:AP1(bZIP)/ThioMac-CEBPb-(GSE21512),DRTGTTGCAA,Chimp,1.00E+00,-1.86E+00,0.3552,274,7.49%,3236.6,7.05%,1.06,0.010
CEBP:CEBP(bZIP)/MEF-Chop-(GSE35681),NTNATGCAAYMNNHTGMAAY,Human,1.00E-01,-3.21E+00,0.1235,90,2.05%,766.5,1.69%,1.21,0.540
CEBP:CEBP(bZIP)/MEF-Chop-(GSE35681),NTNATGCAAYMNNHTGMAAY,Chimp,1.00E+00,-3.43E-03,1,40,1.09%,741.1,1.62%,0.67,0.540
CEBP(bZIP)/ThioMac-CEBPb-(GSE21512),ATTGCGCAAC,Human,1.00E+00,-1.13E-01,1,336,7.66%,3693.2,8.16%,0.94,0.070
CEBP(bZIP)/ThioMac-CEBPb-(GSE21512),ATTGCGCAAC,Chimp,1.00E+00,-8.70E-03,1,247,6.76%,3569.9,7.78%,0.87,0.070
Chop(bZIP)/MEF-Chop-(GSE35681),ATTGCATCAT,Human,1.00E+00,-2.11E-01,1,87,1.98%,980.3,2.17%,0.91,0.116
Chop(bZIP)/MEF-Chop-(GSE35681),ATTGCATCAT,Chimp,1.00E+00,-2.99E-02,1,60,1.64%,945.2,2.06%,0.80,0.116
CHR(?)/Hela-CellCycle-Expression,SRGTTTCAAA,Human,1.00E-01,-4.47E+00,0.0461,345,7.87%,3152.9,6.97%,1.13,0.014
CHR(?)/Hela-CellCycle-Expression,SRGTTTCAAA,Chimp,1.00E-01,-4.34E+00,0.0706,277,7.58%,3043.2,6.63%,1.14,0.014
CLOCK(bHLH)/Liver-Clock-(GSE39860),GHCACGTG,Human,1.00E+00,-8.58E-01,0.7669,149,3.40%,1510.2,3.34%,1.02,0.153
CLOCK(bHLH)/Liver-Clock-(GSE39860),GHCACGTG,Chimp,1.00E+00,-6.03E-02,1,108,2.95%,1562.6,3.41%,0.87,0.153
CRE(bZIP)/Promoter,CSGTGACGTCAC,Human,1.00E+00,-5.05E-01,0.9037,49,1.12%,521.2,1.15%,0.97,0.096
CRE(bZIP)/Promoter,CSGTGACGTCAC,Chimp,1.00E+00,-2.22E-01,1,37,1.01%,527,1.15%,0.88,0.096
CRX(Homeobox)/Retina-Crx-(GSE20012),GCTAATCC,Human,1.00E+00,-1.02E-04,1,1236,28.18%,13908.5,30.74%,0.92,0.058
CRX(Homeobox)/Retina-Crx-(GSE20012),GCTAATCC,Chimp,1.00E+00,-1.65E-01,1,1088,29.76%,14008.9,30.53%,0.97,0.058
CTCF-SatelliteElement(Zf?)/CD4+-CTCF-(Barski_et_al.),TGCAGTTCCMVNWRTGGCCA,Human,1.00E+00,-2.58E-01,1,3,0.07%,42.9,0.09%,0.78,1.597
CTCF-SatelliteElement(Zf?)/CD4+-CTCF-(Barski_et_al.),TGCAGTTCCMVNWRTGGCCA,Chimp,1.00E-01,-3.36E+00,0.1324,7,0.19%,38.7,0.08%,2.38,1.597
CTCF(Zf)/CD4+-CTCF-(Barski_et_al.),AYAGTGCCMYCTRGTGGCCA,Human,1.00E+00,-1.83E+00,0.3803,35,0.80%,301.7,0.67%,1.19,0.708
CTCF(Zf)/CD4+-CTCF-(Barski_et_al.),AYAGTGCCMYCTRGTGGCCA,Chimp,1.00E+00,-9.33E-04,1,13,0.36%,340.7,0.74%,0.49,0.708
DMRT1(DM)/Testis-DMRT1-(GSE64892),TWGHWACAWTGTWDC,Human,1.00E+00,-8.13E-01,0.782,105,2.39%,1065.2,2.35%,1.02,0.143
DMRT1(DM)/Testis-DMRT1-(GSE64892),TWGHWACAWTGTWDC,Chimp,1.00E+00,-1.22E-01,1,66,1.81%,951.9,2.07%,0.87,0.143
DMRT6(DM)/Testis-DMRT6-(GSE60440),YDGHTACAWTGTADC,Human,1.00E+00,-1.41E+00,0.5347,85,1.94%,810.9,1.79%,1.08,0.248
DMRT6(DM)/Testis-DMRT6-(GSE60440),YDGHTACAWTGTADC,Chimp,1.00E+00,-8.98E-02,1,50,1.37%,751.2,1.64%,0.84,0.248
E-box(bHLH)/Promoter,SSGGTCACGTGA,Human,1.00E-01,-2.37E+00,0.2522,23,0.52%,175.5,0.39%,1.33,0.724
E-box(bHLH)/Promoter,SSGGTCACGTGA,Chimp,1.00E+00,-3.83E-02,1,9,0.25%,188.3,0.41%,0.61,0.724
"E2A(bHLH),near_PU.1/Bcell-PU.1-(GSE21512)",NVCACCTGBN,Human,1.00E+00,-1.12E-01,1,679,15.48%,7313.7,16.16%,0.96,0.090
"E2A(bHLH),near_PU.1/Bcell-PU.1-(GSE21512)",NVCACCTGBN,Chimp,1.00E+00,-9.50E-05,1,546,14.93%,7897.9,17.21%,0.87,0.090
E2A(bHLH)/proBcell-E2A-(GSE21978),DNRCAGCTGY,Human,1.00E+00,-6.07E-03,1,632,14.41%,7133.5,15.77%,0.91,0.047
E2A(bHLH)/proBcell-E2A-(GSE21978),DNRCAGCTGY,Chimp,1.00E+00,-1.45E-01,1,613,16.77%,8005.5,17.45%,0.96,0.047
E2F(E2F)/Hela-CellCycle-Expression,TTSGCGCGAAAA,Human,1.00E+00,-1.33E+00,0.5708,15,0.34%,128.3,0.28%,1.21,0.060
E2F(E2F)/Hela-CellCycle-Expression,TTSGCGCGAAAA,Chimp,1.00E+00,-1.04E+00,0.6611,11,0.30%,119.6,0.26%,1.15,0.060
E2F1(E2F)/Hela-E2F1-(GSE22478),CWGGCGGGAA,Human,1.00E+00,-3.82E-01,0.9724,70,1.60%,760.4,1.68%,0.95,0.083
E2F1(E2F)/Hela-E2F1-(GSE22478),CWGGCGGGAA,Chimp,1.00E+00,-8.92E-01,0.7388,65,1.78%,789.1,1.72%,1.03,0.083
E2F4(E2F)/K562-E2F4-(GSE31477),GGCGGGAAAH,Human,1.00E+00,-1.68E+00,0.4361,136,3.10%,1297.3,2.87%,1.08,0.056
E2F4(E2F)/K562-E2F4-(GSE31477),GGCGGGAAAH,Chimp,1.00E+00,-8.85E-01,0.7388,110,3.01%,1348.4,2.94%,1.02,0.056
E2F6(E2F)/Hela-E2F6-(GSE31477),GGCGGGAARN,Human,1.00E+00,-5.56E-01,0.8835,184,4.20%,1920.7,4.24%,0.99,0.136
E2F6(E2F)/Hela-E2F6-(GSE31477),GGCGGGAARN,Chimp,1.00E-01,-2.81E+00,0.1965,179,4.90%,1997.3,4.35%,1.13,0.136
E2F7(E2F)/Hela-E2F7-(GSE32673),VDTTTCCCGCCA,Human,1.00E+00,-1.62E-01,1,27,0.62%,334.5,0.74%,0.84,0.050
E2F7(E2F)/Hela-E2F7-(GSE32673),VDTTTCCCGCCA,Chimp,1.00E+00,-2.86E-01,1,26,0.71%,367.8,0.80%,0.89,0.050
EBF(EBF)/proBcell-EBF-(GSE21978),DGTCCCYRGGGA,Human,1.00E+00,-2.19E+00,0.2885,88,2.01%,793,1.75%,1.15,0.146
EBF(EBF)/proBcell-EBF-(GSE21978),DGTCCCYRGGGA,Chimp,1.00E-02,-4.62E+00,0.0587,90,2.46%,873.8,1.90%,1.29,0.146
EBF1(EBF)/Near-E2A-(GSE21512),GTCCCCWGGGGA,Human,1.00E-02,-4.70E+00,0.0393,471,10.74%,4371.4,9.66%,1.11,0.146
EBF1(EBF)/Near-E2A-(GSE21512),GTCCCCWGGGGA,Chimp,1.00E-06,-1.60E+01,0,489,13.38%,4880.2,10.64%,1.26,0.146
EBNA1(EBV-virus)/Raji-EBNA1-(GSE30709),GGYAGCAYDTGCTDCCCNNN,Human,1.00E+00,-1.60E-01,1,2,0.05%,35.1,0.08%,0.63,0.208
EBNA1(EBV-virus)/Raji-EBNA1-(GSE30709),GGYAGCAYDTGCTDCCCNNN,Chimp,1.00E+00,-8.50E-02,1,2,0.05%,53,0.12%,0.42,0.208
Egr1(Zf)/K562-Egr1-(GSE32465),TGCGTGGGYG,Human,1.00E-01,-4.10E+00,0.0621,253,5.77%,2281.1,5.04%,1.14,0.173
Egr1(Zf)/K562-Egr1-(GSE32465),TGCGTGGGYG,Chimp,1.00E+00,-4.07E-01,0.9569,186,5.09%,2402.3,5.24%,0.97,0.173
Egr2(Zf)/Thymocytes-Egr2-(GSE34254),NGCGTGGGCGGR,Human,1.00E-01,-3.12E+00,0.1348,58,1.32%,472.3,1.04%,1.27,0.488
Egr2(Zf)/Thymocytes-Egr2-(GSE34254),NGCGTGGGCGGR,Chimp,1.00E+00,-6.88E-02,1,30,0.82%,484,1.05%,0.78,0.488
EHF(ETS)/LoVo-EHF-(GSE49402),AVCAGGAAGT,Human,1.00E-03,-8.62E+00,0.0013,639,14.57%,5760.6,12.73%,1.14,0.086
EHF(ETS)/LoVo-EHF-(GSE49402),AVCAGGAAGT,Chimp,1.00E-01,-2.43E+00,0.2491,512,14.00%,6071.2,13.23%,1.06,0.086
EKLF(Zf)/Erythrocyte-Klf1-(GSE20478),NWGGGTGTGGCY,Human,1.00E+00,-6.38E-01,0.8548,82,1.87%,849.7,1.88%,0.99,0.102
EKLF(Zf)/Erythrocyte-Klf1-(GSE20478),NWGGGTGTGGCY,Chimp,1.00E+00,-1.87E-01,1,64,1.75%,897.2,1.96%,0.89,0.102
ELF1(ETS)/Jurkat-ELF1-(SRA014231),AVCCGGAAGT,Human,1.00E-01,-3.58E+00,0.0947,185,4.22%,1654.9,3.66%,1.15,0.205
ELF1(ETS)/Jurkat-ELF1-(SRA014231),AVCCGGAAGT,Chimp,1.00E+00,-2.86E-01,1,133,3.64%,1763.8,3.84%,0.95,0.205
ELF5(ETS)/T47D-ELF5-(GSE30407),ACVAGGAAGT,Human,1.00E-02,-6.45E+00,0.0076,352,8.03%,3105.1,6.86%,1.17,0.043
ELF5(ETS)/T47D-ELF5-(GSE30407),ACVAGGAAGT,Chimp,1.00E-03,-7.99E+00,0.0043,305,8.34%,3151,6.87%,1.21,0.043
Elk1(ETS)/Hela-Elk1-(GSE31477),HACTTCCGGY,Human,1.00E-01,-4.21E+00,0.0583,200,4.56%,1765.2,3.90%,1.17,0.094
Elk1(ETS)/Hela-Elk1-(GSE31477),HACTTCCGGY,Chimp,1.00E+00,-1.64E+00,0.4197,152,4.16%,1776.7,3.87%,1.07,0.094
Elk4(ETS)/Hela-Elk4-(GSE31477),NRYTTCCGGY,Human,1.00E-03,-7.60E+00,0.0028,212,4.83%,1735,3.83%,1.26,0.129
Elk4(ETS)/Hela-Elk4-(GSE31477),NRYTTCCGGY,Chimp,1.00E-01,-2.79E+00,0.1965,157,4.29%,1738.7,3.79%,1.13,0.129
Eomes(T-box)/H9-Eomes-(GSE26097),ATTAACACCT,Human,1.00E-01,-3.69E+00,0.086,1051,23.96%,10274.1,22.71%,1.06,0.021
Eomes(T-box)/H9-Eomes-(GSE26097),ATTAACACCT,Chimp,1.00E-02,-4.80E+00,0.0536,874,23.91%,10201,22.23%,1.08,0.021
"ERE(NR),IR3/MCF7-ERa-(Unpublished)",VAGGTCACNSTGACC,Human,1.00E+00,-5.29E-01,0.8867,81,1.85%,853.1,1.89%,0.98,0.127
"ERE(NR),IR3/MCF7-ERa-(Unpublished)",VAGGTCACNSTGACC,Chimp,1.00E+00,-8.50E-02,1,65,1.78%,959.7,2.09%,0.85,0.127
ERG(ETS)/VCaP-ERG-(GSE14097),ACAGGAAGTG,Human,1.00E-09,-2.13E+01,0,811,18.49%,6829.6,15.09%,1.23,0.164
ERG(ETS)/VCaP-ERG-(GSE14097),ACAGGAAGTG,Chimp,1.00E-01,-2.92E+00,0.1832,623,17.04%,7363.5,16.05%,1.06,0.164
Erra(NR)/HepG2-Erra-(GSE31477),CAAAGGTCAG,Human,1.00E+00,-2.75E-02,1,893,20.36%,9745.3,21.54%,0.95,0.014
Erra(NR)/HepG2-Erra-(GSE31477),CAAAGGTCAG,Chimp,1.00E+00,-1.07E-02,1,785,21.47%,10577.8,23.05%,0.93,0.014
Esrrb(NR)/mES-Esrrb-(GSE11431),KTGACCTTGA,Human,1.00E+00,-2.94E-01,1,242,5.52%,2597.7,5.74%,0.96,0.141
Esrrb(NR)/mES-Esrrb-(GSE11431),KTGACCTTGA,Chimp,1.00E+00,-2.72E-03,1,172,4.70%,2630.2,5.73%,0.82,0.141
"ETS:E-box(ETS,bHLH)/HPC7-Scl-(GSE22178)",AGGAARCAGCTG,Human,1.00E+00,-5.73E-01,0.877,32,0.73%,336.8,0.74%,0.99,0.590
"ETS:E-box(ETS,bHLH)/HPC7-Scl-(GSE22178)",AGGAARCAGCTG,Chimp,1.00E-02,-6.08E+00,0.0182,45,1.23%,356.1,0.78%,1.58,0.590
"ETS:RUNX(ETS,Runt)/Jurkat-RUNX1-(GSE17954)",RCAGGATGTGGT,Human,1.00E-01,-2.42E+00,0.2435,40,0.91%,328.8,0.73%,1.25,0.259
"ETS:RUNX(ETS,Runt)/Jurkat-RUNX1-(GSE17954)",RCAGGATGTGGT,Chimp,1.00E+00,-5.97E-01,0.8705,30,0.82%,381.8,0.83%,0.99,0.259
ETS(ETS)/Promoter,AACCGGAAGT,Human,1.00E+00,-8.00E-01,0.7879,103,2.35%,1046.4,2.31%,1.02,0.073
ETS(ETS)/Promoter,AACCGGAAGT,Chimp,1.00E+00,-3.23E-01,0.9949,81,2.22%,1080.5,2.35%,0.94,0.073
Ets1-distal(ETS)/CD4+-PolII-(Barski_et_al.),MACAGGAAGT,Human,1.00E-03,-7.83E+00,0.0025,141,3.21%,1083.5,2.39%,1.34,0.308
Ets1-distal(ETS)/CD4+-PolII-(Barski_et_al.),MACAGGAAGT,Chimp,1.00E+00,-9.57E-01,0.7043,98,2.68%,1190.4,2.59%,1.03,0.308
ETS1(ETS)/Jurkat-ETS1-(GSE17954),ACAGGAAGTG,Human,1.00E-03,-7.72E+00,0.0027,474,10.81%,4211,9.31%,1.16,0.107
ETS1(ETS)/Jurkat-ETS1-(GSE17954),ACAGGAAGTG,Chimp,1.00E+00,-1.88E+00,0.355,366,10.01%,4359.5,9.50%,1.05,0.107
ETV1(ETS)/GIST48-ETV1-(GSE22441),AACCGGAAGT,Human,1.00E-05,-1.33E+01,0,628,14.32%,5415.7,11.97%,1.20,0.108
ETV1(ETS)/GIST48-ETV1-(GSE22441),AACCGGAAGT,Chimp,1.00E-01,-3.75E+00,0.1011,506,13.84%,5838.5,12.72%,1.09,0.108
Etv2(ETS)/ES-ER71-(GSE59402)(0.967),NNAYTTCCTGHN,Human,1.00E-04,-9.23E+00,0.0007,431,9.83%,3724.6,8.23%,1.19,0.151
Etv2(ETS)/ES-ER71-(GSE59402)(0.967),NNAYTTCCTGHN,Chimp,1.00E+00,-1.52E+00,0.4657,334,9.14%,4020.8,8.76%,1.04,0.151
EWS:ERG-fusion(ETS)/CADO_ES1-EWS:ERG-(SRA014231),ATTTCCTGTN,Human,1.00E-03,-9.20E+00,0.0007,385,8.78%,3289.8,7.27%,1.21,0.067
EWS:ERG-fusion(ETS)/CADO_ES1-EWS:ERG-(SRA014231),ATTTCCTGTN,Chimp,1.00E-02,-4.62E+00,0.0587,309,8.45%,3401.2,7.41%,1.14,0.067
EWS:FLI1-fusion(ETS)/SK_N_MC-EWS:FLI1-(SRA014231),VACAGGAAAT,Human,1.00E-06,-1.54E+01,0,277,6.32%,2090.5,4.62%,1.37,0.212
EWS:FLI1-fusion(ETS)/SK_N_MC-EWS:FLI1-(SRA014231),VACAGGAAAT,Chimp,1.00E-01,-3.99E+00,0.0863,211,5.77%,2291.7,4.99%,1.16,0.212
Fli1(ETS)/CD8-FLI-(GSE20898),NRYTTCCGGH,Human,1.00E-05,-1.24E+01,0,497,11.33%,4212.5,9.31%,1.22,0.151
Fli1(ETS)/CD8-FLI-(GSE20898),NRYTTCCGGH,Chimp,1.00E+00,-2.30E+00,0.2677,378,10.34%,4450.8,9.70%,1.07,0.151
Fosl2(bZIP)/3T3L1-Fosl2-(GSE56872),NATGASTCABNN,Human,1.00E-44,-1.02E+02,0,257,5.86%,971.2,2.15%,2.73,1.656
Fosl2(bZIP)/3T3L1-Fosl2-(GSE56872),NATGASTCABNN,Chimp,1.00E+00,-1.24E+00,0.5694,84,2.30%,988.6,2.15%,1.07,1.656
"Fox:Ebox(Forkhead,bHLH)/Panc1-Foxa2-(GSE47459)",NNNVCTGWGYAAACASN,Human,1.00E-02,-6.52E+00,0.0074,421,9.60%,3766.3,8.32%,1.15,0.102
"Fox:Ebox(Forkhead,bHLH)/Panc1-Foxa2-(GSE47459)",NNNVCTGWGYAAACASN,Chimp,1.00E-05,-1.21E+01,0.0001,370,10.12%,3699.7,8.06%,1.26,0.102
"FOXA1:AR(Forkhead,NR)/LNCAP-AR-(GSE27824)",AGTAAACAAAAAAGAACAND,Human,1.00E+00,-4.93E-02,1,26,0.59%,361.3,0.80%,0.74,0.226
"FOXA1:AR(Forkhead,NR)/LNCAP-AR-(GSE27824)",AGTAAACAAAAAAGAACAND,Chimp,1.00E+00,-5.20E-01,0.9162,29,0.79%,377,0.82%,0.96,0.226
FOXA1(Forkhead)/LNCAP-FOXA1-(GSE27824),WAAGTAAACA,Human,1.00E-02,-6.19E+00,0.0096,642,14.64%,5946.9,13.14%,1.11,0.080
FOXA1(Forkhead)/LNCAP-FOXA1-(GSE27824),WAAGTAAACA,Chimp,1.00E+00,-1.49E+00,0.4758,469,12.83%,5692.6,12.41%,1.03,0.080
FOXA1(Forkhead)/MCF7-FOXA1-(GSE26831),WAAGTAAACA,Human,1.00E-03,-7.06E+00,0.0047,543,12.38%,4918.2,10.87%,1.14,0.138
FOXA1(Forkhead)/MCF7-FOXA1-(GSE26831),WAAGTAAACA,Chimp,1.00E+00,-6.94E-01,0.8112,383,10.48%,4802.7,10.47%,1.00,0.138
Foxa2(Forkhead)/Liver-Foxa2-(GSE25694),CYTGTTTACWYW,Human,1.00E-02,-6.58E+00,0.0071,378,8.62%,3348.3,7.40%,1.16,0.092
Foxa2(Forkhead)/Liver-Foxa2-(GSE25694),CYTGTTTACWYW,Chimp,1.00E+00,-2.10E+00,0.3167,276,7.55%,3232.1,7.04%,1.07,0.092
Foxh1(Forkhead)/hESC-FOXH1-(GSE29422),NNTGTGGATTSS,Human,1.00E-02,-6.55E+00,0.0072,291,6.63%,2518.7,5.57%,1.19,0.145
Foxh1(Forkhead)/hESC-FOXH1-(GSE29422),NNTGTGGATTSS,Chimp,1.00E+00,-1.32E+00,0.5465,203,5.55%,2437.2,5.31%,1.05,0.145
FoxL2(Forkhead)/Ovary-FoxL2-(GSE60858),WWTRTAAACAVG,Human,1.00E-03,-7.81E+00,0.0025,453,10.33%,4004.9,8.85%,1.17,0.066
FoxL2(Forkhead)/Ovary-FoxL2-(GSE60858),WWTRTAAACAVG,Chimp,1.00E-01,-3.35E+00,0.1324,339,9.27%,3863.3,8.42%,1.10,0.066
FOXM1(Forkhead)/MCF7-FOXM1-(GSE72977),TRTTTACTTW,Human,1.00E-01,-3.04E+00,0.1426,516,11.76%,4960.4,10.96%,1.07,0.052
FOXM1(Forkhead)/MCF7-FOXM1-(GSE72977),TRTTTACTTW,Chimp,1.00E+00,-1.07E+00,0.6469,397,10.86%,4883.9,10.64%,1.02,0.052
Foxo1(Forkhead)/RAW-Foxo1-(Fan_et_al.),CTGTTTAC,Human,1.00E-02,-6.49E+00,0.0075,901,20.54%,8491.1,18.77%,1.09,0.019
Foxo1(Forkhead)/RAW-Foxo1-(Fan_et_al.),CTGTTTAC,Chimp,1.00E-01,-4.19E+00,0.0771,746,20.40%,8708.6,18.98%,1.07,0.019
FOXP1(Forkhead)/H9-FOXP1-(GSE31006),NYYTGTTTACHN,Human,1.00E-04,-1.06E+01,0.0002,226,5.15%,1766.9,3.90%,1.32,0.085
FOXP1(Forkhead)/H9-FOXP1-(GSE31006),NYYTGTTTACHN,Chimp,1.00E-02,-5.59E+00,0.0278,169,4.62%,1718.2,3.74%,1.24,0.085
Fra1(bZIP)/BT549-Fra1-(GSE46166),NNATGASTCATH,Human,1.00E-41,-9.49E+01,0,390,8.89%,1902,4.20%,2.12,1.002
Fra1(bZIP)/BT549-Fra1-(GSE46166),NNATGASTCATH,Chimp,1.00E-01,-2.48E+00,0.2394,163,4.46%,1833.3,4.00%,1.12,1.002
"FXR(NR),IR1/Liver-FXR-(Chong_et_al.)",AGGTCANTGACCTB,Human,1.00E+00,-3.65E-01,0.9761,137,3.12%,1471.5,3.25%,0.96,0.005
"FXR(NR),IR1/Liver-FXR-(Chong_et_al.)",AGGTCANTGACCTB,Chimp,1.00E+00,-3.54E-01,0.991,123,3.36%,1613.8,3.52%,0.95,0.005
GABPA(ETS)/Jurkat-GABPa-(GSE17954),RACCGGAAGT,Human,1.00E-02,-5.09E+00,0.027,368,8.39%,3337.1,7.38%,1.14,0.037
GABPA(ETS)/Jurkat-GABPa-(GSE17954),RACCGGAAGT,Chimp,1.00E-01,-3.12E+00,0.1595,314,8.59%,3585,7.81%,1.10,0.037
"GATA:SCL(Zf,bHLH)/Ter119-SCL-(GSE18720)",CRGCTGBNGNSNNSAGATAA,Human,1.00E-01,-3.55E+00,0.0966,50,1.14%,387.4,0.86%,1.33,0.044
"GATA:SCL(Zf,bHLH)/Ter119-SCL-(GSE18720)",CRGCTGBNGNSNNSAGATAA,Chimp,1.00E-01,-2.81E+00,0.1965,45,1.23%,441.1,0.96%,1.28,0.044
"GATA(Zf),IR3/iTreg-Gata3-(GSE20898)",NNNNNBAGATAWYATCTVHN,Human,1.00E+00,-7.57E-01,0.7999,70,1.60%,712.5,1.57%,1.02,0.090
"GATA(Zf),IR3/iTreg-Gata3-(GSE20898)",NNNNNBAGATAWYATCTVHN,Chimp,1.00E+00,-3.24E-01,0.9949,53,1.45%,716.4,1.56%,0.93,0.090
"GATA(Zf),IR4/iTreg-Gata3-(GSE20898)",NAGATWNBNATCTNN,Human,1.00E+00,-1.32E+00,0.5708,33,0.75%,302.9,0.67%,1.12,0.114
"GATA(Zf),IR4/iTreg-Gata3-(GSE20898)",NAGATWNBNATCTNN,Chimp,1.00E+00,-1.82E+00,0.364,27,0.74%,275.7,0.60%,1.23,0.114
Gata1(Zf)/K562-GATA1-(GSE18829),SAGATAAGRV,Human,1.00E-02,-6.45E+00,0.0076,281,6.41%,2428.8,5.37%,1.19,0.028
Gata1(Zf)/K562-GATA1-(GSE18829),SAGATAAGRV,Chimp,1.00E-02,-6.70E+00,0.0116,234,6.40%,2404.5,5.24%,1.22,0.028
Gata2(Zf)/K562-GATA2-(GSE18829),BBCTTATCTS,Human,1.00E-03,-8.40E+00,0.0016,326,7.43%,2767.5,6.12%,1.21,0.006
Gata2(Zf)/K562-GATA2-(GSE18829),BBCTTATCTS,Chimp,1.00E-03,-7.38E+00,0.0064,265,7.25%,2724.5,5.94%,1.22,0.006
"GATA3(Zf),DR4/iTreg-Gata3-(GSE20898)",AGATGKDGAGATAAG,Human,1.00E+00,-1.44E-01,1,27,0.62%,338.6,0.75%,0.83,0.258
"GATA3(Zf),DR4/iTreg-Gata3-(GSE20898)",AGATGKDGAGATAAG,Chimp,1.00E+00,-1.01E+00,0.6766,28,0.77%,325.4,0.71%,1.08,0.258
"GATA3(Zf),DR8/iTreg-Gata3-(GSE20898)",AGATSTNDNNDSAGATAASN,Human,1.00E+00,-1.84E-01,1,20,0.46%,250.1,0.55%,0.84,0.524
"GATA3(Zf),DR8/iTreg-Gata3-(GSE20898)",AGATSTNDNNDSAGATAASN,Chimp,1.00E-01,-2.54E+00,0.2291,25,0.68%,230.4,0.50%,1.36,0.524
GATA3(Zf)/iTreg-Gata3-(GSE20898),AGATAASR,Human,1.00E-01,-3.01E+00,0.1457,754,17.19%,7355.3,16.26%,1.06,0.023
GATA3(Zf)/iTreg-Gata3-(GSE20898),AGATAASR,Chimp,1.00E-01,-3.88E+00,0.0931,603,16.49%,7001.7,15.26%,1.08,0.023
Gata4(Zf)/Heart-Gata4-(GSE35151),NBWGATAAGR,Human,1.00E-02,-5.72E+00,0.015,492,11.22%,4507,9.96%,1.13,0.032
Gata4(Zf)/Heart-Gata4-(GSE35151),NBWGATAAGR,Chimp,1.00E-02,-6.76E+00,0.0112,408,11.16%,4419.3,9.63%,1.16,0.032
Gfi1b(Zf)/HPC7-Gfi1b-(GSE22178),MAATCACTGC,Human,1.00E+00,-2.14E-04,1,318,7.25%,3937.1,8.70%,0.83,0.155
Gfi1b(Zf)/HPC7-Gfi1b-(GSE22178),MAATCACTGC,Chimp,1.00E+00,-5.13E-01,0.9185,319,8.73%,4053.9,8.83%,0.99,0.155
GFX(?)/Promoter,ATTCTCGCGAGA,Human,1.00E+00,-8.33E-02,1,2,0.05%,43.1,0.10%,0.50,0.125
GFX(?)/Promoter,ATTCTCGCGAGA,Chimp,1.00E+00,-6.34E-02,1,1,0.03%,35.7,0.08%,0.38,0.125
"GFY-Staf(?,Zf)/Promoter",RACTACAATTCCCAGAAKGC,Human,1.00E+00,-6.04E-01,0.8625,13,0.30%,136,0.30%,1.00,0.621
"GFY-Staf(?,Zf)/Promoter",RACTACAATTCCCAGAAKGC,Chimp,1.00E+00,-7.46E-03,1,4,0.11%,131.2,0.29%,0.38,0.621
GFY(?)/Promoter,ACTACAATTCCC,Human,1.00E+00,-8.31E-01,0.7765,23,0.52%,226.1,0.50%,1.04,0.361
GFY(?)/Promoter,ACTACAATTCCC,Chimp,1.00E+00,-5.67E-02,1,13,0.36%,241.2,0.53%,0.68,0.361
GLI3(Zf)/Limb-GLI3-ChIP-Chip(GSE11077),CGTGGGTGGTCC,Human,1.00E+00,-2.22E+00,0.2878,49,1.12%,420,0.93%,1.20,0.126
GLI3(Zf)/Limb-GLI3-ChIP-Chip(GSE11077),CGTGGGTGGTCC,Chimp,1.00E+00,-1.03E+00,0.6691,35,0.96%,409.4,0.89%,1.08,0.126
"GRE(NR),IR3/A549-GR-(GSE32465)",NRGVACABNVTGTYCY,Human,1.00E+00,-5.24E-02,1,28,0.64%,383.6,0.85%,0.75,0.471
"GRE(NR),IR3/A549-GR-(GSE32465)",NRGVACABNVTGTYCY,Chimp,1.00E+00,-2.08E+00,0.3167,38,1.04%,390.4,0.85%,1.22,0.471
"GRE(NR),IR3/RAW264.7-GRE-(Unpublished)",VAGRACAKWCTGTYC,Human,1.00E+00,-1.42E-01,1,65,1.48%,763.7,1.69%,0.88,0.012
"GRE(NR),IR3/RAW264.7-GRE-(Unpublished)",VAGRACAKWCTGTYC,Chimp,1.00E+00,-1.98E-01,1,52,1.42%,734.3,1.60%,0.89,0.012
GRHL2(CP2)/HBE-GRHL2-(GSE46194),AAACYKGTTWDACMRGTTTB,Human,1.00E-04,-1.04E+01,0.0003,181,4.13%,1370.3,3.03%,1.36,0.249
GRHL2(CP2)/HBE-GRHL2-(GSE46194),AAACYKGTTWDACMRGTTTB,Chimp,1.00E+00,-2.12E+00,0.3145,129,3.53%,1456,3.17%,1.11,0.249
GSC(Homeobox)/FrogEmbryos-GSC-(DRA000576),RGGATTAR,Human,1.00E+00,0.00E+00,1,703,16.03%,8901,19.67%,0.81,0.042
GSC(Homeobox)/FrogEmbryos-GSC-(DRA000576),RGGATTAR,Chimp,1.00E+00,-6.00E-06,1,617,16.88%,9034.7,19.69%,0.86,0.042
HEB(bHLH)/mES-Heb-(GSE53233),VCAGCTGBNN,Human,1.00E+00,-1.11E-02,1,803,18.31%,8896.3,19.66%,0.93,0.033
HEB(bHLH)/mES-Heb-(GSE53233),VCAGCTGBNN,Chimp,1.00E+00,-1.33E-01,1,763,20.87%,9930.8,21.64%,0.96,0.033
HIF-1a(bHLH)/MCF7-HIF1a-(GSE28352),TACGTGCV,Human,1.00E+00,-4.97E-01,0.9073,67,1.53%,711.7,1.57%,0.97,0.093
HIF-1a(bHLH)/MCF7-HIF1a-(GSE28352),TACGTGCV,Chimp,1.00E+00,-1.91E-01,1,49,1.34%,696.9,1.52%,0.88,0.093
HIF-1b(HLH)/T47D-HIF1b-(GSE59937),RTACGTGC,Human,1.00E+00,-5.88E-01,0.8689,316,7.20%,3281.5,7.25%,0.99,0.063
HIF-1b(HLH)/T47D-HIF1b-(GSE59937),RTACGTGC,Chimp,1.00E+00,-1.26E-01,1,244,6.67%,3288,7.17%,0.93,0.063
HIF2a(bHLH)/785_O-HIF2a-(GSE34871),GCACGTACCC,Human,1.00E+00,-3.02E-01,1,91,2.07%,999.2,2.21%,0.94,0.190
HIF2a(bHLH)/785_O-HIF2a-(GSE34871),GCACGTACCC,Chimp,1.00E+00,-1.94E+00,0.3413,85,2.32%,946,2.06%,1.13,0.190
Hnf1(Homeobox)/Liver-Foxa2-(GSE25694),GGTTAAWCATTAA,Human,1.00E+00,-3.80E-01,0.9724,52,1.19%,569.7,1.26%,0.94,0.203
Hnf1(Homeobox)/Liver-Foxa2-(GSE25694),GGTTAAWCATTAA,Chimp,1.00E+00,-1.72E+00,0.388,54,1.48%,593.9,1.29%,1.15,0.203
"HNF4a(NR),DR1/HepG2-HNF4a-(GSE25021)",CARRGKBCAAAGTYCA,Human,1.00E+00,-1.47E+00,0.5112,177,4.04%,1725.3,3.81%,1.06,0.067
"HNF4a(NR),DR1/HepG2-HNF4a-(GSE25021)",CARRGKBCAAAGTYCA,Chimp,1.00E-01,-2.73E+00,0.2029,162,4.43%,1802.6,3.93%,1.13,0.067
HNF6(Homeobox)/Liver-Hnf6-(ERP000394),NTATYGATCH,Human,1.00E+00,-2.63E-01,1,216,4.92%,2335.4,5.16%,0.95,0.136
HNF6(Homeobox)/Liver-Hnf6-(ERP000394),NTATYGATCH,Chimp,1.00E+00,-2.08E+00,0.3167,186,5.09%,2143.2,4.67%,1.09,0.136
HOXA2(Homeobox)/mES-Hoxa2-(Donaldson_et_al.),GYCATCMATCAT,Human,1.00E+00,-3.76E-01,0.9724,30,0.68%,334.1,0.74%,0.92,0.230
HOXA2(Homeobox)/mES-Hoxa2-(Donaldson_et_al.),GYCATCMATCAT,Chimp,1.00E+00,-1.32E+00,0.5465,28,0.77%,308.1,0.67%,1.15,0.230
HOXA9(Homeobox)/HSC-Hoxa9-(GSE33509),GGCCATAAATCA,Human,1.00E-01,-2.67E+00,0.1968,310,7.07%,2942.2,6.50%,1.09,0.014
HOXA9(Homeobox)/HSC-Hoxa9-(GSE33509),GGCCATAAATCA,Chimp,1.00E-01,-2.82E+00,0.1965,253,6.92%,2880.7,6.28%,1.10,0.014
HOXB13(Homeobox)/ProstateTumor-HOXB13-(GSE56288),TTTTATKRGG,Human,1.00E-01,-4.59E+00,0.0423,566,12.90%,5318.7,11.75%,1.10,0.070
HOXB13(Homeobox)/ProstateTumor-HOXB13-(GSE56288),TTTTATKRGG,Chimp,1.00E+00,-1.28E+00,0.5577,414,11.32%,5051.2,11.01%,1.03,0.070
Hoxb4(Homeobox)/ES-Hoxb4-(GSE34014),TGATTRATGGCY,Human,1.00E+00,-6.98E-01,0.8315,63,1.44%,646.1,1.43%,1.01,0.300
Hoxb4(Homeobox)/ES-Hoxb4-(GSE34014),TGATTRATGGCY,Chimp,1.00E-01,-4.00E+00,0.0863,67,1.83%,642.8,1.40%,1.31,0.300
Hoxc9(Homeobox)/Ainv15-Hoxc9-(GSE21812),GGCCATAAATCA,Human,1.00E+00,-8.77E-01,0.7642,218,4.97%,2215,4.90%,1.01,0.062
Hoxc9(Homeobox)/Ainv15-Hoxc9-(GSE21812),GGCCATAAATCA,Chimp,1.00E+00,-1.84E+00,0.3611,187,5.11%,2180.4,4.75%,1.08,0.062
HOXD13(Homeobox)/Chicken-Hoxd13-(GSE38910),NCYAATAAAA,Human,1.00E+00,-1.08E+00,0.662,581,13.25%,5895.5,13.03%,1.02,0.014
HOXD13(Homeobox)/Chicken-Hoxd13-(GSE38910),NCYAATAAAA,Chimp,1.00E+00,-7.28E-01,0.7996,449,12.28%,5620.5,12.25%,1.00,0.014
HRE(HSF)/HepG2-HSF1-(GSE31477),BSTTCTRGAABVTTCYAGAA,Human,1.00E+00,-3.51E-01,0.9763,43,0.98%,477.2,1.05%,0.93,0.075
HRE(HSF)/HepG2-HSF1-(GSE31477),BSTTCTRGAABVTTCYAGAA,Chimp,1.00E+00,-7.08E-01,0.8099,45,1.23%,559.7,1.22%,1.01,0.075
HRE(HSF)/Striatum-HSF1-(GSE38000),TTCTAGAABNTTCTA,Human,1.00E+00,-1.28E+00,0.5819,84,1.92%,809.4,1.79%,1.07,0.174
HRE(HSF)/Striatum-HSF1-(GSE38000),TTCTAGAABNTTCTA,Chimp,1.00E+00,-2.00E-01,1,58,1.59%,813.4,1.77%,0.90,0.174
IRF:BATF(IRF:bZIP)/pDC-Irf8-(GSE66899),CTTTCANTATGACTV,Human,1.00E+00,-1.47E+00,0.5112,58,1.32%,539.2,1.19%,1.11,0.195
IRF:BATF(IRF:bZIP)/pDC-Irf8-(GSE66899),CTTTCANTATGACTV,Chimp,1.00E+00,-3.30E-01,0.9949,35,0.96%,479.8,1.05%,0.91,0.195
IRF1(IRF)/PBMC-IRF1-(GSE43036),GAAAGTGAAAGT,Human,1.00E+00,-5.43E-02,1,59,1.35%,742,1.64%,0.82,0.043
IRF1(IRF)/PBMC-IRF1-(GSE43036),GAAAGTGAAAGT,Chimp,1.00E+00,-1.67E-01,1,45,1.23%,650.6,1.42%,0.87,0.043
IRF2(IRF)/Erythroblas-IRF2-(GSE36985),GAAASYGAAASY,Human,1.00E+00,-4.26E-01,0.9587,43,0.98%,467.6,1.03%,0.95,0.146
IRF2(IRF)/Erythroblas-IRF2-(GSE36985),GAAASYGAAASY,Chimp,1.00E+00,-1.23E+00,0.5713,37,1.01%,420.7,0.92%,1.10,0.146
IRF4(IRF)/GM12878-IRF4-(GSE32465),ACTGAAACCA,Human,1.00E-01,-4.03E+00,0.0642,215,4.90%,1918.3,4.24%,1.16,0.199
IRF4(IRF)/GM12878-IRF4-(GSE32465),ACTGAAACCA,Chimp,1.00E+00,-3.33E-01,0.9949,136,3.72%,1786.9,3.89%,0.96,0.199
Isl1(Homeobox)/Neuron-Isl1-(GSE31456),CTAATKGV,Human,1.00E-03,-7.63E+00,0.0028,960,21.89%,8989.4,19.87%,1.10,0.003
Isl1(Homeobox)/Neuron-Isl1-(GSE31456),CTAATKGV,Chimp,1.00E-02,-6.17E+00,0.018,778,21.28%,8890.6,19.37%,1.10,0.003
ISRE(IRF)/ThioMac-LPS-Expression(GSE23622),AGTTTCASTTTC,Human,1.00E+00,-4.14E-03,1,16,0.36%,295,0.65%,0.55,0.496
ISRE(IRF)/ThioMac-LPS-Expression(GSE23622),AGTTTCASTTTC,Chimp,1.00E+00,-7.99E-01,0.7629,23,0.63%,277.1,0.60%,1.05,0.496
Jun-AP1(bZIP)/K562-cJun-(GSE31477),GATGASTCATCN,Human,1.00E-47,-1.09E+02,0,213,4.86%,676.1,1.49%,3.26,2.180
Jun-AP1(bZIP)/K562-cJun-(GSE31477),GATGASTCATCN,Chimp,1.00E+00,-1.31E+00,0.5478,63,1.72%,728.4,1.59%,1.08,2.180
JunD(bZIP)/K562-JunD-,ATGACGTCATCN,Human,1.00E+00,-2.99E-01,1,22,0.50%,257,0.57%,0.88,0.694
JunD(bZIP)/K562-JunD-,ATGACGTCATCN,Chimp,1.00E-01,-3.80E+00,0.0988,24,0.66%,192,0.42%,1.57,0.694
KLF10(Zf)/HEK293-KLF10.GFP-(GSE58341),GGGGGTGTGTCC,Human,1.00E+00,-7.28E-01,0.8148,185,4.22%,1899.2,4.20%,1.00,0.015
KLF10(Zf)/HEK293-KLF10.GFP-(GSE58341),GGGGGTGTGTCC,Chimp,1.00E+00,-8.87E-01,0.7388,168,4.60%,2069.3,4.51%,1.02,0.015
KLF14(Zf)/HEK293-KLF14.GFP-(GSE58341),RGKGGGCGKGGC,Human,1.00E-01,-4.01E+00,0.0647,826,18.83%,7967.4,17.61%,1.07,0.017
KLF14(Zf)/HEK293-KLF14.GFP-(GSE58341),RGKGGGCGKGGC,Chimp,1.00E-01,-2.67E+00,0.2115,723,19.78%,8628.2,18.80%,1.05,0.017
Klf4(Zf)/mES-Klf4-(GSE11431),GCCACACCCA,Human,1.00E+00,-6.87E-01,0.8355,157,3.58%,1617.5,3.57%,1.00,0.130
Klf4(Zf)/mES-Klf4-(GSE11431),GCCACACCCA,Chimp,1.00E+00,-6.05E-02,1,118,3.23%,1696.1,3.70%,0.87,0.130
KLF5(Zf)/LoVo-KLF5-(GSE49402),DGGGYGKGGC,Human,1.00E-01,-3.44E+00,0.1045,585,13.34%,5610.5,12.40%,1.08,0.073
KLF5(Zf)/LoVo-KLF5-(GSE49402),DGGGYGKGGC,Chimp,1.00E+00,-7.42E-01,0.7978,479,13.10%,5992.5,13.06%,1.00,0.073
Klf9(Zf)/GBM-Klf9-(GSE62211),GCCACRCCCACY,Human,1.00E+00,-1.86E+00,0.3697,144,3.28%,1362.1,3.01%,1.09,0.074
Klf9(Zf)/GBM-Klf9-(GSE62211),GCCACRCCCACY,Chimp,1.00E+00,-7.91E-01,0.7649,118,3.23%,1461.2,3.18%,1.02,0.074
Lhx1(Homeobox)/EmbryoCarcinoma-Lhx1-(GSE70957),NNYTAATTAR,Human,1.00E-02,-5.23E+00,0.0238,605,13.79%,5653.5,12.49%,1.10,0.003
Lhx1(Homeobox)/EmbryoCarcinoma-Lhx1-(GSE70957),NNYTAATTAR,Chimp,1.00E-01,-4.58E+00,0.0587,481,13.16%,5455.7,11.89%,1.11,0.003
Lhx2(Homeobox)/HFSC-Lhx2-(GSE48068),TAATTAGN,Human,1.00E-03,-7.25E+00,0.004,568,12.95%,5150.8,11.38%,1.14,0.116
Lhx2(Homeobox)/HFSC-Lhx2-(GSE48068),TAATTAGN,Chimp,1.00E+00,-1.12E+00,0.6246,407,11.13%,4997,10.89%,1.02,0.116
Lhx3(Homeobox)/Neuron-Lhx3-(GSE31456),ADBTAATTAR,Human,1.00E-03,-8.31E+00,0.0017,872,19.88%,8067.4,17.83%,1.11,0.012
Lhx3(Homeobox)/Neuron-Lhx3-(GSE31456),ADBTAATTAR,Chimp,1.00E-03,-8.11E+00,0.004,706,19.31%,7859.7,17.13%,1.13,0.012
"LXRE(NR),DR4/RAW-LXRb.biotin-(GSE21512)",RGGTTACTANAGGTCA,Human,1.00E+00,-5.00E-06,1,45,1.03%,834.5,1.84%,0.56,0.186
"LXRE(NR),DR4/RAW-LXRb.biotin-(GSE21512)",RGGTTACTANAGGTCA,Chimp,1.00E+00,0.00E+00,1,27,0.74%,908,1.98%,0.37,0.186
MafA(bZIP)/Islet-MafA-(GSE30298),TGCTGACTCA,Human,1.00E-07,-1.70E+01,0,344,7.84%,2645.7,5.85%,1.34,0.105
MafA(bZIP)/Islet-MafA-(GSE30298),TGCTGACTCA,Chimp,1.00E-03,-8.49E+00,0.0029,284,7.77%,2887,6.29%,1.24,0.105
MafF(bZIP)/HepG2-MafF-(GSE31477),HWWGTCAGCAWWTTT,Human,1.00E-01,-3.37E+00,0.1097,147,3.35%,1300.6,2.87%,1.17,0.250
MafF(bZIP)/HepG2-MafF-(GSE31477),HWWGTCAGCAWWTTT,Chimp,1.00E+00,-2.06E-01,1,97,2.65%,1325.8,2.89%,0.92,0.250
MafK(bZIP)/C2C12-MafK-(GSE36030),GCTGASTCAGCA,Human,1.00E-04,-1.09E+01,0.0002,107,2.44%,720.3,1.59%,1.53,0.153
MafK(bZIP)/C2C12-MafK-(GSE36030),GCTGASTCAGCA,Chimp,1.00E-02,-6.24E+00,0.0176,90,2.46%,819.1,1.78%,1.38,0.153
Max(bHLH)/K562-Max-(GSE31477),RCCACGTGGYYN,Human,1.00E+00,-6.62E-01,0.8483,199,4.54%,2055,4.54%,1.00,0.011
Max(bHLH)/K562-Max-(GSE31477),RCCACGTGGYYN,Chimp,1.00E+00,-8.11E-01,0.7621,172,4.70%,2132.6,4.65%,1.01,0.011
Maz(Zf)/HepG2-Maz-(GSE31477),GGGGGGGG,Human,1.00E-03,-7.95E+00,0.0023,607,13.84%,5488.9,12.13%,1.14,0.045
Maz(Zf)/HepG2-Maz-(GSE31477),GGGGGGGG,Chimp,1.00E-04,-1.14E+01,0.0002,567,15.51%,6000.6,13.08%,1.19,0.045
Mef2a(MADS)/HL1-Mef2a.biotin-(GSE21529),CYAAAAATAG,Human,1.00E+00,-2.05E-02,1,265,6.04%,3076.8,6.80%,0.89,0.122
Mef2a(MADS)/HL1-Mef2a.biotin-(GSE21529),CYAAAAATAG,Chimp,1.00E+00,-1.90E-05,1,201,5.50%,3293.7,7.18%,0.77,0.122
Mef2b(MADS)/HEK293-Mef2b.V5-(GSE67450),GCTATTTTTGGM,Human,1.00E+00,-2.23E-04,1,426,9.71%,5136,11.35%,0.86,0.018
Mef2b(MADS)/HEK293-Mef2b.V5-(GSE67450),GCTATTTTTGGM,Chimp,1.00E+00,-1.11E-04,1,360,9.85%,5394.4,11.76%,0.84,0.018
Mef2c(MADS)/GM12878-Mef2c-(GSE32465),DCYAAAAATAGM,Human,1.00E+00,-9.00E-06,1,265,6.04%,3482.8,7.70%,0.78,0.029
Mef2c(MADS)/GM12878-Mef2c-(GSE32465),DCYAAAAATAGM,Chimp,1.00E+00,-2.00E-06,1,224,6.13%,3728.1,8.12%,0.75,0.029
Mef2d(MADS)/Retina-Mef2d-(GSE61391),GCTATTTTTAGC,Human,1.00E+00,-1.96E+00,0.3524,98,2.23%,903.7,2.00%,1.12,0.261
Mef2d(MADS)/Retina-Mef2d-(GSE61391),GCTATTTTTAGC,Chimp,1.00E+00,-9.30E-02,1,62,1.70%,913.2,1.99%,0.85,0.261
Meis1(Homeobox)/MastCells-Meis1-(GSE48085),VGCTGWCAVB,Human,1.00E+00,-6.65E-02,1,632,14.41%,6886.4,15.22%,0.95,0.057
Meis1(Homeobox)/MastCells-Meis1-(GSE48085),VGCTGWCAVB,Chimp,1.00E+00,-7.44E-01,0.7978,555,15.18%,6944.2,15.13%,1.00,0.057
MITF(bHLH)/MastCells-MITF-(GSE48085),RTCATGTGAC,Human,1.00E-01,-4.07E+00,0.0635,351,8.00%,3238.3,7.16%,1.12,0.115
MITF(bHLH)/MastCells-MITF-(GSE48085),RTCATGTGAC,Chimp,1.00E+00,-7.02E-01,0.8112,266,7.28%,3332.8,7.26%,1.00,0.115
Mouse_Recombination_Hotspot(Zf)/Testis-DMC1-(GSE24438),ACTYKNATTCGTGNTACTTC,Human,1.00E+00,-3.39E-01,0.9794,26,0.59%,295.4,0.65%,0.91,0.492
Mouse_Recombination_Hotspot(Zf)/Testis-DMC1-(GSE24438),ACTYKNATTCGTGNTACTTC,Chimp,1.00E-01,-2.92E+00,0.1832,28,0.77%,252.3,0.55%,1.40,0.492
MYB(HTH)/ERMYB-Myb-ChIPSeq(GSE22095),GGCVGTTR,Human,1.00E-03,-7.90E+00,0.0024,719,16.39%,6587.5,14.56%,1.13,0.015
MYB(HTH)/ERMYB-Myb-ChIPSeq(GSE22095),GGCVGTTR,Chimp,1.00E-02,-5.72E+00,0.025,589,16.11%,6651.8,14.50%,1.11,0.015
Myf5(bHLH)/GM-Myf5-(GSE24852),BAACAGCTGT,Human,1.00E+00,-6.20E-01,0.8548,228,5.20%,2363.2,5.22%,1.00,0.105
Myf5(bHLH)/GM-Myf5-(GSE24852),BAACAGCTGT,Chimp,1.00E-01,-2.74E+00,0.2017,251,6.87%,2863.7,6.24%,1.10,0.105
MyoD(bHLH)/Myotube-MyoD-(GSE21614),RRCAGCTGYTSY,Human,1.00E-01,-2.39E+00,0.2505,269,6.13%,2559.9,5.66%,1.08,0.146
MyoD(bHLH)/Myotube-MyoD-(GSE21614),RRCAGCTGYTSY,Chimp,1.00E-03,-8.96E+00,0.0019,312,8.53%,3183.6,6.94%,1.23,0.146
MyoG(bHLH)/C2C12-MyoG-(GSE36024),AACAGCTG,Human,1.00E+00,-1.02E+00,0.6948,373,8.50%,3776.1,8.35%,1.02,0.096
MyoG(bHLH)/C2C12-MyoG-(GSE36024),AACAGCTG,Chimp,1.00E-01,-4.30E+00,0.0711,392,10.72%,4413.3,9.62%,1.11,0.096
n-Myc(bHLH)/mES-nMyc-(GSE11431),VRCCACGTGG,Human,1.00E+00,-8.93E-01,0.7597,203,4.63%,2058.4,4.55%,1.02,0.039
n-Myc(bHLH)/mES-nMyc-(GSE11431),VRCCACGTGG,Chimp,1.00E+00,-4.72E-01,0.9337,170,4.65%,2180.8,4.75%,0.98,0.039
Nanog(Homeobox)/mES-Nanog-(GSE11724),RGCCATTAAC,Human,1.00E-04,-1.01E+01,0.0003,2018,46.01%,19476.9,43.05%,1.07,0.006
Nanog(Homeobox)/mES-Nanog-(GSE11724),RGCCATTAAC,Chimp,1.00E-03,-7.37E+00,0.0064,1638,44.80%,19341.1,42.15%,1.06,0.006
NeuroD1(bHLH)/Islet-NeuroD1-(GSE30298),GCCATCTGTT,Human,1.00E+00,-8.60E-01,0.7669,289,6.59%,2945.8,6.51%,1.01,0.057
NeuroD1(bHLH)/Islet-NeuroD1-(GSE30298),GCCATCTGTT,Chimp,1.00E+00,-2.09E+00,0.3167,287,7.85%,3366.9,7.34%,1.07,0.057
NF-E2(bZIP)/K562-NFE2-(GSE31477),GATGACTCAGCA,Human,1.00E-10,-2.50E+01,0,50,1.14%,168.1,0.37%,3.08,1.502
NF-E2(bZIP)/K562-NFE2-(GSE31477),GATGACTCAGCA,Chimp,1.00E-01,-3.59E+00,0.1126,22,0.60%,175.5,0.38%,1.58,1.502
NF1-halfsite(CTF)/LNCaP-NF1-(Unpublished),YTGCCAAG,Human,1.00E-01,-3.46E+00,0.1037,731,16.67%,7072.6,15.63%,1.07,0.074
NF1-halfsite(CTF)/LNCaP-NF1-(Unpublished),YTGCCAAG,Chimp,1.00E+00,-5.34E-01,0.9124,610,16.68%,7713.3,16.81%,0.99,0.074
"NF1:FOXA1(CTF,Forkhead)/LNCAP-FOXA1-(GSE27824)",WNTGTTTRYTTTGGCA,Human,1.00E+00,-1.11E+00,0.6474,23,0.52%,213.2,0.47%,1.11,0.195
"NF1:FOXA1(CTF,Forkhead)/LNCAP-FOXA1-(GSE27824)",WNTGTTTRYTTTGGCA,Chimp,1.00E+00,-4.00E-01,0.9569,15,0.41%,206.8,0.45%,0.91,0.195
NF1(CTF)/LNCAP-NF1-(Unpublished),CYTGGCABNSTGCCAR,Human,1.00E+00,-2.65E-02,1,116,2.64%,1418.7,3.14%,0.84,0.035
NF1(CTF)/LNCAP-NF1-(Unpublished),CYTGGCABNSTGCCAR,Chimp,1.00E+00,-7.18E-02,1,111,3.04%,1590.3,3.47%,0.88,0.035
"NFAT:AP1(RHD,bZIP)/Jurkat-NFATC1-(Jolma_et_al.)",SARTGGAAAAWRTGAGTCAB,Human,1.00E+00,-8.58E-01,0.7669,78,1.78%,784.4,1.73%,1.03,0.208
"NFAT:AP1(RHD,bZIP)/Jurkat-NFATC1-(Jolma_et_al.)",SARTGGAAAAWRTGAGTCAB,Chimp,1.00E-01,-3.01E+00,0.1696,67,1.83%,680.5,1.48%,1.24,0.208
NFAT(RHD)/Jurkat-NFATC1-(Jolma_et_al.),ATTTTCCATT,Human,1.00E+00,-5.46E-01,0.884,388,8.85%,4038.5,8.93%,0.99,0.028
NFAT(RHD)/Jurkat-NFATC1-(Jolma_et_al.),ATTTTCCATT,Chimp,1.00E+00,-9.92E-01,0.6841,321,8.78%,3954.2,8.62%,1.02,0.028
"NFkB-p50,p52(RHD)/Monocyte-p50-ChIP-Chip(Schreiber_et_al.)",GGGGGAATCCCC,Human,1.00E-01,-2.51E+00,0.2263,53,1.21%,446.7,0.99%,1.22,0.277
"NFkB-p50,p52(RHD)/Monocyte-p50-ChIP-Chip(Schreiber_et_al.)",GGGGGAATCCCC,Chimp,1.00E+00,-4.30E-01,0.9567,38,1.04%,503.7,1.10%,0.95,0.277
NFkB-p65-Rel(RHD)/ThioMac-LPS-Expression(GSE23622),GGAAATTCCC,Human,1.00E-05,-1.27E+01,0,46,1.05%,223.5,0.49%,2.14,1.143
NFkB-p65-Rel(RHD)/ThioMac-LPS-Expression(GSE23622),GGAAATTCCC,Chimp,1.00E+00,-6.09E-01,0.8677,20,0.55%,253.3,0.55%,1.00,1.143
NFkB-p65(RHD)/GM12787-p65-(GSE19485),WGGGGATTTCCC,Human,1.00E-06,-1.58E+01,0,289,6.59%,2185.7,4.83%,1.36,0.203
NFkB-p65(RHD)/GM12787-p65-(GSE19485),WGGGGATTTCCC,Chimp,1.00E-01,-4.35E+00,0.0706,221,6.04%,2385.9,5.20%,1.16,0.203
NFY(CCAAT)/Promoter,RGCCAATSRG,Human,1.00E+00,-7.17E-01,0.8199,293,6.68%,3014.2,6.66%,1.00,0.009
NFY(CCAAT)/Promoter,RGCCAATSRG,Chimp,1.00E+00,-8.45E-01,0.7487,241,6.59%,2987.9,6.51%,1.01,0.009
Nkx2.1(Homeobox)/LungAC-Nkx2.1-(GSE43252),RSCACTYRAG,Human,1.00E+00,-1.18E-01,1,1369,31.21%,14507.5,32.06%,0.97,0.048
Nkx2.1(Homeobox)/LungAC-Nkx2.1-(GSE43252),RSCACTYRAG,Chimp,1.00E+00,-8.93E-04,1,1090,29.81%,14775,32.20%,0.93,0.048
Nkx2.2(Homeobox)/NPC-Nkx2.2-(GSE61673),BTBRAGTGSN,Human,1.00E+00,-9.08E-03,1,964,21.98%,10620.8,23.47%,0.94,0.054
Nkx2.2(Homeobox)/NPC-Nkx2.2-(GSE61673),BTBRAGTGSN,Chimp,1.00E+00,-2.50E-05,1,775,21.20%,11018.6,24.01%,0.88,0.054
Nkx2.5(Homeobox)/HL1-Nkx2.5.biotin-(GSE21529),RRSCACTYAA,Human,1.00E+00,-2.20E-01,1,1080,24.62%,11389.4,25.17%,0.98,0.028
Nkx2.5(Homeobox)/HL1-Nkx2.5.biotin-(GSE21529),RRSCACTYAA,Chimp,1.00E+00,-3.88E-02,1,878,24.02%,11596.1,25.27%,0.95,0.028
Nkx3.1(Homeobox)/LNCaP-Nkx3.1-(GSE28264),AAGCACTTAA,Human,1.00E+00,-1.18E-01,1,1091,24.87%,11613,25.67%,0.97,0.063
Nkx3.1(Homeobox)/LNCaP-Nkx3.1-(GSE28264),AAGCACTTAA,Chimp,1.00E+00,-3.25E-04,1,853,23.33%,11821,25.76%,0.91,0.063
Nkx6.1(Homeobox)/Islet-Nkx6.1-(GSE40975),GKTAATGR,Human,1.00E-04,-9.57E+00,0.0006,1362,31.05%,12862.7,28.43%,1.09,0.044
Nkx6.1(Homeobox)/Islet-Nkx6.1-(GSE40975),GKTAATGR,Chimp,1.00E-01,-3.18E+00,0.1545,1034,28.28%,12386.1,26.99%,1.05,0.044
NPAS2(bHLH)/Liver-NPAS2-(GSE39860),KCCACGTGAC,Human,1.00E+00,-6.31E-01,0.8548,410,9.35%,4242.7,9.38%,1.00,0.139
NPAS2(bHLH)/Liver-NPAS2-(GSE39860),KCCACGTGAC,Chimp,1.00E+00,-2.12E-03,1,301,8.23%,4398.8,9.59%,0.86,0.139
Nr5a2(NR)/mES-Nr5a2-(GSE19019),BTCAAGGTCA,Human,1.00E+00,-5.46E-01,0.884,189,4.31%,1975,4.36%,0.99,0.100
Nr5a2(NR)/mES-Nr5a2-(GSE19019),BTCAAGGTCA,Chimp,1.00E+00,-7.34E-02,1,140,3.83%,1975.7,4.31%,0.89,0.100
Nr5a2(NR)/Pancreas-LRH1-(GSE34295),BTCAAGGTCA,Human,1.00E+00,-6.84E-01,0.8355,265,6.04%,2732.8,6.04%,1.00,0.129
Nr5a2(NR)/Pancreas-LRH1-(GSE34295),BTCAAGGTCA,Chimp,1.00E+00,-2.25E-02,1,191,5.22%,2747.3,5.99%,0.87,0.129
NRF(NRF)/Promoter,STGCGCATGCGC,Human,1.00E-01,-2.76E+00,0.1816,38,0.87%,300.4,0.66%,1.32,0.495
NRF(NRF)/Promoter,STGCGCATGCGC,Chimp,1.00E-03,-7.91E+00,0.0045,39,1.07%,268.7,0.59%,1.81,0.495
NRF1(NRF)/MCF7-NRF1-(Unpublished),CTGCGCATGCGC,Human,1.00E-01,-2.88E+00,0.1648,28,0.64%,208.4,0.46%,1.39,0.058
NRF1(NRF)/MCF7-NRF1-(Unpublished),CTGCGCATGCGC,Chimp,1.00E+00,-2.03E+00,0.3207,19,0.52%,179.4,0.39%,1.33,0.058
Nrf2(bZIP)/Lymphoblast-Nrf2-(GSE37589),HTGCTGAGTCAT,Human,1.00E-06,-1.49E+01,0,37,0.84%,147.5,0.33%,2.55,0.764
Nrf2(bZIP)/Lymphoblast-Nrf2-(GSE37589),HTGCTGAGTCAT,Chimp,1.00E-02,-4.65E+00,0.0587,21,0.57%,148.4,0.32%,1.78,0.764
Nur77(NR)/K562-NR4A1-(GSE31363),TGACCTTTNCNT,Human,1.00E+00,-1.19E+00,0.6172,77,1.76%,746.8,1.65%,1.07,0.221
Nur77(NR)/K562-NR4A1-(GSE31363),TGACCTTTNCNT,Chimp,1.00E-01,-3.46E+00,0.1255,62,1.70%,606.8,1.32%,1.29,0.221
"OCT:OCT(POU,Homeobox,IR1)/NPC-Brn2-(GSE35496)",ATGAATWATTCATGA,Human,1.00E+00,-1.29E-01,1,5,0.11%,79.7,0.18%,0.61,0.306
"OCT:OCT(POU,Homeobox,IR1)/NPC-Brn2-(GSE35496)",ATGAATWATTCATGA,Chimp,1.00E+00,-4.73E-01,0.9337,4,0.11%,54.1,0.12%,0.92,0.306
"OCT:OCT(POU,Homeobox)/NPC-Brn1-(GSE35496)",ATGAATATTCATGAG,Human,1.00E+00,-3.93E-01,0.9695,2,0.05%,24.2,0.05%,1.00,0.833
"OCT:OCT(POU,Homeobox)/NPC-Brn1-(GSE35496)",ATGAATATTCATGAG,Chimp,1.00E+00,-1.77E+00,0.3764,4,0.11%,27.8,0.06%,1.83,0.833
"Oct2(POU,Homeobox)/Bcell-Oct2-(GSE21512)",ATATGCAAAT,Human,1.00E-09,-2.30E+01,0,216,4.92%,1408.1,3.11%,1.58,0.021
"Oct2(POU,Homeobox)/Bcell-Oct2-(GSE21512)",ATATGCAAAT,Chimp,1.00E-07,-1.73E+01,0,165,4.51%,1324.8,2.89%,1.56,0.021
"OCT4-SOX2-TCF-NANOG(POU,Homeobox,HMG)/mES-Oct4-(GSE11431)",ATTTGCATAACAATG,Human,1.00E-52,-1.22E+02,0,260,5.93%,881.5,1.95%,3.04,0.165
"OCT4-SOX2-TCF-NANOG(POU,Homeobox,HMG)/mES-Oct4-(GSE11431)",ATTTGCATAACAATG,Chimp,1.00E-34,-8.05E+01,0,186,5.09%,811.6,1.77%,2.88,0.165
"Oct4:Sox17(POU,Homeobox,HMG)/F9-Sox17-(GSE44553)",CCATTGTATGCAAAT,Human,1.00E-01,-3.36E+00,0.1103,67,1.53%,547.2,1.21%,1.26,0.081
"Oct4:Sox17(POU,Homeobox,HMG)/F9-Sox17-(GSE44553)",CCATTGTATGCAAAT,Chimp,1.00E-01,-3.91E+00,0.0913,54,1.48%,503.4,1.10%,1.35,0.081
"Oct4(POU,Homeobox)/mES-Oct4-(GSE11431)",ATTTGCATAW,Human,1.00E-22,-5.22E+01,0,360,8.21%,2134.7,4.72%,1.74,0.032
"Oct4(POU,Homeobox)/mES-Oct4-(GSE11431)",ATTTGCATAW,Chimp,1.00E-19,-4.55E+01,0,294,8.04%,2081.9,4.54%,1.77,0.032
"Oct6(POU,Homeobox)/NPC-Oct6-(GSE35496)",WATGCAAATGAG,Human,1.00E-27,-6.32E+01,0,332,7.57%,1788.2,3.95%,1.92,0.112
"Oct6(POU,Homeobox)/NPC-Oct6-(GSE35496)",WATGCAAATGAG,Chimp,1.00E-17,-4.08E+01,0,250,6.84%,1739.5,3.79%,1.80,0.112
Olig2(bHLH)/Neuron-Olig2-(GSE30882),RCCATMTGTT,Human,1.00E+00,-1.11E+00,0.6474,775,17.67%,7876.9,17.41%,1.01,0.025
Olig2(bHLH)/Neuron-Olig2-(GSE30882),RCCATMTGTT,Chimp,1.00E+00,-2.05E+00,0.3167,697,19.06%,8409.7,18.33%,1.04,0.025
Otx2(Homeobox)/EpiLC-Otx2-(GSE56098),NYTAATCCYB,Human,1.00E+00,-7.96E-01,0.7879,398,9.07%,4078.2,9.01%,1.01,0.125
Otx2(Homeobox)/EpiLC-Otx2-(GSE56098),NYTAATCCYB,Chimp,1.00E-02,-4.84E+00,0.0525,367,10.04%,4071.4,8.87%,1.13,0.125
p53(p53)/mES-cMyc-(GSE11431),ACATGCCCGGGCAT,Human,1.00E-01,-3.27E+00,0.1184,13,0.30%,76.2,0.17%,1.76,0.923
p53(p53)/mES-cMyc-(GSE11431),ACATGCCCGGGCAT,Chimp,1.00E+00,-4.01E-01,0.9569,6,0.16%,85.2,0.19%,0.84,0.923
p53(p53)/Saos-p53-,RRCATGYCYRGRCATGYYYN,Human,1.00E+00,-1.24E+00,0.602,31,0.71%,286.2,0.63%,1.13,0.385
p53(p53)/Saos-p53-,RRCATGYCYRGRCATGYYYN,Chimp,1.00E+00,-8.57E-02,1,18,0.49%,303.7,0.66%,0.74,0.385
p53(p53)/Saos-p53-(GSE15780),RRCATGYCYRGRCATGYYYN,Human,1.00E+00,-1.24E+00,0.602,31,0.71%,286.2,0.63%,1.13,0.385
p53(p53)/Saos-p53-(GSE15780),RRCATGYCYRGRCATGYYYN,Chimp,1.00E+00,-8.57E-02,1,18,0.49%,303.7,0.66%,0.74,0.385
p63(p53)/Keratinocyte-p63-(GSE17611),NNDRCATGYCYNRRCATGYH,Human,1.00E+00,-7.51E-01,0.8006,118,2.69%,1206.3,2.67%,1.01,0.059
p63(p53)/Keratinocyte-p63-(GSE17611),NNDRCATGYCYNRRCATGYH,Chimp,1.00E+00,-3.47E-01,0.9937,94,2.57%,1242.7,2.71%,0.95,0.059
"PAX3:FKHR-fusion(Paired,Homeobox)/Rh4-PAX3:FKHR-(GSE19063)",ACCRTGACTAATTNN,Human,1.00E-01,-4.53E+00,0.0441,104,2.37%,848.1,1.87%,1.27,0.093
"PAX3:FKHR-fusion(Paired,Homeobox)/Rh4-PAX3:FKHR-(GSE19063)",ACCRTGACTAATTNN,Chimp,1.00E-01,-2.40E+00,0.2531,74,2.02%,790,1.72%,1.17,0.093
"PAX5(Paired,Homeobox),condensed/GM12878-PAX5-(GSE32465)",GTCACGCTCSCTGM,Human,1.00E+00,-1.20E+00,0.6138,34,0.78%,317,0.70%,1.11,0.319
"PAX5(Paired,Homeobox),condensed/GM12878-PAX5-(GSE32465)",GTCACGCTCSCTGM,Chimp,1.00E+00,-1.13E-01,1,24,0.66%,379.6,0.83%,0.80,0.319
"PAX5(Paired,Homeobox)/GM12878-PAX5-(GSE32465)",GCAGCCAAGCRTGACH,Human,1.00E+00,-1.65E-01,1,125,2.85%,1406.1,3.11%,0.92,0.084
"PAX5(Paired,Homeobox)/GM12878-PAX5-(GSE32465)",GCAGCCAAGCRTGACH,Chimp,1.00E+00,-2.41E-02,1,104,2.84%,1566.3,3.41%,0.83,0.084
"PAX6(Paired,Homeobox)/Forebrain-Pax6-(GSE66961)",NGTGTTCAVTSAAGCGKAAA,Human,1.00E+00,-1.06E-01,1,28,0.64%,360.3,0.80%,0.80,0.119
"PAX6(Paired,Homeobox)/Forebrain-Pax6-(GSE66961)",NGTGTTCAVTSAAGCGKAAA,Chimp,1.00E+00,-4.11E-01,0.9569,21,0.57%,284.4,0.62%,0.92,0.119
"Pax7(Paired,Homeobox),long/Myoblast-Pax7-(GSE25064)",TAATCHGATTAC,Human,1.00E+00,-3.60E-01,0.9761,9,0.21%,106.5,0.24%,0.88,0.060
"Pax7(Paired,Homeobox),long/Myoblast-Pax7-(GSE25064)",TAATCHGATTAC,Chimp,1.00E+00,-2.83E-01,1,8,0.22%,122.8,0.27%,0.81,0.060
"Pax7(Paired,Homeobox),longest/Myoblast-Pax7-(GSE25064)",NTAATTDGCYAATTANNWWD,Human,1.00E+00,-2.54E-03,1,6,0.14%,157,0.35%,0.40,0.547
"Pax7(Paired,Homeobox),longest/Myoblast-Pax7-(GSE25064)",NTAATTDGCYAATTANNWWD,Chimp,1.00E+00,-4.91E-01,0.9255,13,0.36%,172.2,0.38%,0.95,0.547
"Pax7(Paired,Homeobox)/Myoblast-Pax7-(GSE25064)",TAATCAATTA,Human,1.00E+00,-1.02E+00,0.6954,46,1.05%,447.3,0.99%,1.06,0.350
"Pax7(Paired,Homeobox)/Myoblast-Pax7-(GSE25064)",TAATCAATTA,Chimp,1.00E-01,-4.45E+00,0.0652,49,1.34%,434.5,0.95%,1.41,0.350
"Pax8(Paired,Homeobox)/Thyroid-Pax8-(GSE26938)",GTCATGCHTGRCTGS,Human,1.00E+00,-1.53E+00,0.4915,137,3.12%,1319.3,2.92%,1.07,0.114
"Pax8(Paired,Homeobox)/Thyroid-Pax8-(GSE26938)",GTCATGCHTGRCTGS,Chimp,1.00E+00,-3.41E-01,0.9949,114,3.12%,1501.2,3.27%,0.95,0.114
PBX1(Homeobox)/MCF7-PBX1-(GSE28007),GSCTGTCACTCA,Human,1.00E+00,-7.98E-02,1,21,0.48%,287.5,0.64%,0.75,0.500
PBX1(Homeobox)/MCF7-PBX1-(GSE28007),GSCTGTCACTCA,Chimp,1.00E+00,-1.81E+00,0.3669,22,0.60%,219.8,0.48%,1.25,0.500
Pbx3(Homeobox)/GM12878-PBX3-(GSE32465),SCTGTCAMTCAN,Human,1.00E+00,-1.04E-01,1,67,1.53%,801.2,1.77%,0.86,0.315
Pbx3(Homeobox)/GM12878-PBX3-(GSE32465),SCTGTCAMTCAN,Chimp,1.00E-01,-2.38E+00,0.2531,70,1.91%,744,1.62%,1.18,0.315
Pdx1(Homeobox)/Islet-Pdx1-(SRA008281),YCATYAATCA,Human,1.00E+00,-1.49E+00,0.5067,412,9.39%,4098.5,9.06%,1.04,0.121
Pdx1(Homeobox)/Islet-Pdx1-(SRA008281),YCATYAATCA,Chimp,1.00E-02,-6.13E+00,0.018,368,10.07%,3991.9,8.70%,1.16,0.121
PGR(NR)/EndoStromal-PGR-(GSE69539),AAGAACATWHTGTTC,Human,1.00E+00,-3.64E-01,0.9761,78,1.78%,848.4,1.88%,0.95,0.047
PGR(NR)/EndoStromal-PGR-(GSE69539),AAGAACATWHTGTTC,Chimp,1.00E+00,-6.34E-01,0.8503,63,1.72%,794.2,1.73%,0.99,0.047
Phox2a(Homeobox)/Neuron-Phox2a-(GSE31456),YTAATYNRATTA,Human,1.00E+00,-3.44E-01,0.9793,190,4.33%,2034.4,4.50%,0.96,0.007
Phox2a(Homeobox)/Neuron-Phox2a-(GSE31456),YTAATYNRATTA,Chimp,1.00E+00,-4.22E-01,0.9567,151,4.13%,1952.9,4.26%,0.97,0.007
Pit1(Homeobox)/GCrat-Pit1-(GSE58009),ATGMATATDC,Human,1.00E-02,-6.66E+00,0.0067,515,11.74%,4670.1,10.32%,1.14,0.144
Pit1(Homeobox)/GCrat-Pit1-(GSE58009),ATGMATATDC,Chimp,1.00E-07,-1.67E+01,0,447,12.23%,4377.5,9.54%,1.28,0.144
Pit1+1bp(Homeobox)/GCrat-Pit1-(GSE58009),ATGCATAATTCA,Human,1.00E+00,-1.67E+00,0.4361,172,3.92%,1656.1,3.66%,1.07,0.025
Pit1+1bp(Homeobox)/GCrat-Pit1-(GSE58009),ATGCATAATTCA,Chimp,1.00E+00,-1.97E+00,0.3327,138,3.77%,1576.4,3.44%,1.10,0.025
Pitx1(Homeobox)/Chicken-Pitx1-(GSE38910),TAATCCCN,Human,1.00E+00,-1.63E-01,1,2209,50.36%,23137.5,51.14%,0.98,0.031
Pitx1(Homeobox)/Chicken-Pitx1-(GSE38910),TAATCCCN,Chimp,1.00E+00,-1.75E+00,0.3785,1867,51.07%,23069.6,50.27%,1.02,0.031
Pknox1(Homeobox)/ES-Prep1-(GSE63282),SCTGTCAVTCAV,Human,1.00E+00,-1.06E-02,1,54,1.23%,745.2,1.65%,0.75,0.395
Pknox1(Homeobox)/ES-Prep1-(GSE63282),SCTGTCAVTCAV,Chimp,1.00E+00,-1.79E+00,0.3682,62,1.70%,683.2,1.49%,1.14,0.395
"PPARE(NR),DR1/3T3L1-Pparg-(GSE13511)",TGACCTTTGCCCCA,Human,1.00E-01,-4.15E+00,0.0608,427,9.74%,3979.7,8.80%,1.11,0.050
"PPARE(NR),DR1/3T3L1-Pparg-(GSE13511)",TGACCTTTGCCCCA,Chimp,1.00E+00,-1.98E+00,0.3315,361,9.87%,4284.1,9.34%,1.06,0.050
PR(NR)/T47D-PR-(GSE31130),VAGRACAKNCTGTBC,Human,1.00E+00,-1.34E-01,1,819,18.67%,8754.4,19.35%,0.96,0.001
PR(NR)/T47D-PR-(GSE31130),VAGRACAKNCTGTBC,Chimp,1.00E+00,-1.46E-01,1,694,18.98%,9035.9,19.69%,0.96,0.001
PRDM1(Zf)/Hela-PRDM1-(GSE31477),ACTTTCACTTTC,Human,1.00E+00,-8.81E-01,0.7642,288,6.57%,2931.1,6.48%,1.01,0.082
PRDM1(Zf)/Hela-PRDM1-(GSE31477),ACTTTCACTTTC,Chimp,1.00E-01,-2.57E+00,0.2241,243,6.65%,2783.6,6.07%,1.10,0.082
PRDM14(Zf)/H1-PRDM14-(GSE22767),RGGTCTCTAACY,Human,1.00E+00,-1.06E-03,1,82,1.87%,1158.3,2.56%,0.73,0.289
PRDM14(Zf)/H1-PRDM14-(GSE22767),RGGTCTCTAACY,Chimp,1.00E+00,-8.38E-01,0.7498,98,2.68%,1205.3,2.63%,1.02,0.289
PRDM9(Zf)/Testis-DMC1-(GSE35498),ADGGYAGYAGCATCT,Human,1.00E+00,-1.52E-01,1,138,3.15%,1552.3,3.43%,0.92,0.312
PRDM9(Zf)/Testis-DMC1-(GSE35498),ADGGYAGYAGCATCT,Chimp,1.00E-02,-5.20E+00,0.039,160,4.38%,1634.2,3.56%,1.23,0.312
Ptf1a(bHLH)/Panc1-Ptf1a-(GSE47459),ACAGCTGTTN,Human,1.00E+00,-1.13E-02,1,1093,24.92%,11955.1,26.42%,0.94,0.020
Ptf1a(bHLH)/Panc1-Ptf1a-(GSE47459),ACAGCTGTTN,Chimp,1.00E+00,-7.72E-02,1,1013,27.71%,13203.9,28.77%,0.96,0.020
PU.1-IRF(ETS:IRF)/Bcell-PU.1-(GSE21512),MGGAAGTGAAAC,Human,1.00E-01,-3.48E+00,0.1026,715,16.30%,6909.4,15.27%,1.07,0.117
PU.1-IRF(ETS:IRF)/Bcell-PU.1-(GSE21512),MGGAAGTGAAAC,Chimp,1.00E+00,-1.05E-01,1,511,13.98%,6751.3,14.71%,0.95,0.117
PU.1:IRF8(ETS:IRF)/pDC-Irf8-(GSE66899),GGAAGTGAAAST,Human,1.00E+00,-6.49E-01,0.8548,83,1.89%,858.6,1.90%,0.99,0.005
PU.1:IRF8(ETS:IRF)/pDC-Irf8-(GSE66899),GGAAGTGAAAST,Chimp,1.00E+00,-6.01E-01,0.8705,70,1.91%,887.8,1.93%,0.99,0.005
PU.1(ETS)/ThioMac-PU.1-(GSE21512),AGAGGAAGTG,Human,1.00E+00,-1.33E+00,0.5708,206,4.70%,2032.1,4.49%,1.05,0.058
PU.1(ETS)/ThioMac-PU.1-(GSE21512),AGAGGAAGTG,Chimp,1.00E-01,-2.40E+00,0.2531,185,5.06%,2102.2,4.58%,1.10,0.058
RARg(NR)/ES-RARg-(GSE30538),AGGTCAAGGTCA,Human,1.00E+00,-1.02E-02,1,7,0.16%,150.3,0.33%,0.48,0.640
RARg(NR)/ES-RARg-(GSE30538),AGGTCAAGGTCA,Chimp,1.00E+00,-9.39E-01,0.713,13,0.36%,147.1,0.32%,1.13,0.640
"RBPJ:Ebox(?,bHLH)/Panc1-Rbpj1-(GSE47459)",GGGRAARRGRMCAGMTG,Human,1.00E+00,-6.05E-01,0.8625,119,2.71%,1237.5,2.73%,0.99,0.243
"RBPJ:Ebox(?,bHLH)/Panc1-Rbpj1-(GSE47459)",GGGRAARRGRMCAGMTG,Chimp,1.00E-02,-5.12E+00,0.0413,146,3.99%,1479.9,3.23%,1.24,0.243
Rbpj1(?)/Panc1-Rbpj1-(GSE47459),HTTTCCCASG,Human,1.00E-04,-1.06E+01,0.0002,741,16.89%,6639.8,14.67%,1.15,0.083
Rbpj1(?)/Panc1-Rbpj1-(GSE47459),HTTTCCCASG,Chimp,1.00E-01,-3.10E+00,0.1611,585,16.00%,6874.5,14.98%,1.07,0.083
REST-NRSF(Zf)/Jurkat-NRSF-,GGMGCTGTCCATGGTGCTGA,Human,1.00E+00,-2.82E-01,1,2,0.05%,29,0.06%,0.83,0.083
REST-NRSF(Zf)/Jurkat-NRSF-,GGMGCTGTCCATGGTGCTGA,Chimp,1.00E+00,-2.49E-01,1,1,0.03%,19.1,0.04%,0.75,0.083
"Reverb(NR),DR2/RAW-Reverba.biotin-(GSE45914)",GTRGGTCASTGGGTCA,Human,1.00E+00,-1.31E+00,0.5708,63,1.44%,598,1.32%,1.09,0.145
"Reverb(NR),DR2/RAW-Reverba.biotin-(GSE45914)",GTRGGTCASTGGGTCA,Chimp,1.00E+00,-4.07E-01,0.9569,45,1.23%,597,1.30%,0.95,0.145
RFX(HTH)/K562-RFX3-(SRA012198),CGGTTGCCATGGCAAC,Human,1.00E-03,-7.76E+00,0.0026,33,0.75%,177.3,0.39%,1.92,0.714
RFX(HTH)/K562-RFX3-(SRA012198),CGGTTGCCATGGCAAC,Chimp,1.00E+00,-1.43E+00,0.4981,19,0.52%,198.2,0.43%,1.21,0.714
Rfx1(HTH)/NPC-H3K4me1-(GSE16256),KGTTGCCATGGCAA,Human,1.00E-01,-3.26E+00,0.1184,75,1.71%,624.2,1.38%,1.24,0.056
Rfx1(HTH)/NPC-H3K4me1-(GSE16256),KGTTGCCATGGCAA,Chimp,1.00E-01,-2.31E+00,0.2652,66,1.81%,701.1,1.53%,1.18,0.056
Rfx2(HTH)/LoVo-RFX2-(GSE49402),GTTGCCATGGCAACM,Human,1.00E-02,-4.69E+00,0.0393,34,0.78%,225.8,0.50%,1.56,0.578
Rfx2(HTH)/LoVo-RFX2-(GSE49402),GTTGCCATGGCAACM,Chimp,1.00E+00,-5.83E-01,0.8769,20,0.55%,255.7,0.56%,0.98,0.578
Rfx5(HTH)/GM12878-Rfx5-(GSE31477),SCCTAGCAACAG,Human,1.00E+00,-2.89E-02,1,93,2.12%,1156,2.55%,0.83,0.138
Rfx5(HTH)/GM12878-Rfx5-(GSE31477),SCCTAGCAACAG,Chimp,1.00E+00,-4.44E-01,0.9522,92,2.52%,1194.9,2.60%,0.97,0.138
RORgt(NR)/EL4-RORgt.Flag-(GSE56019),AAYTAGGTCA,Human,1.00E+00,-9.59E-01,0.7236,48,1.09%,471.3,1.04%,1.05,0.017
RORgt(NR)/EL4-RORgt.Flag-(GSE56019),AAYTAGGTCA,Chimp,1.00E+00,-8.07E-01,0.7621,37,1.01%,450.4,0.98%,1.03,0.017
RUNX-AML(Runt)/CD4+-PolII-(Barski_et_al.),GCTGTGGTTW,Human,1.00E+00,-1.65E-01,1,250,5.70%,2741.8,6.06%,0.94,0.061
RUNX-AML(Runt)/CD4+-PolII-(Barski_et_al.),GCTGTGGTTW,Chimp,1.00E+00,-7.00E-01,0.8112,225,6.15%,2818.8,6.14%,1.00,0.061
RUNX(Runt)/HPC7-Runx1-(GSE22178),SAAACCACAG,Human,1.00E+00,-1.76E-01,1,232,5.29%,2544.5,5.62%,0.94,0.093
RUNX(Runt)/HPC7-Runx1-(GSE22178),SAAACCACAG,Chimp,1.00E+00,-1.16E+00,0.6061,220,6.02%,2671,5.82%,1.03,0.093
RUNX1(Runt)/Jurkat-RUNX1-(GSE29180),AAACCACARM,Human,1.00E+00,-1.88E-01,1,372,8.48%,4017.9,8.88%,0.95,0.136
RUNX1(Runt)/Jurkat-RUNX1-(GSE29180),AAACCACARM,Chimp,1.00E-01,-3.06E+00,0.1651,357,9.76%,4108.3,8.95%,1.09,0.136
RUNX2(Runt)/PCa-RUNX2-(GSE33889),NWAACCACADNN,Human,1.00E+00,-8.64E-02,1,287,6.54%,3197.2,7.07%,0.93,0.079
RUNX2(Runt)/PCa-RUNX2-(GSE33889),NWAACCACADNN,Chimp,1.00E+00,-7.31E-01,0.7996,257,7.03%,3212.9,7.00%,1.00,0.079
"RXR(NR),DR1/3T3L1-RXR-(GSE13511)",TAGGGCAAAGGTCA,Human,1.00E-03,-8.97E+00,0.0009,519,11.83%,4579.8,10.12%,1.17,0.065
"RXR(NR),DR1/3T3L1-RXR-(GSE13511)",TAGGGCAAAGGTCA,Chimp,1.00E-01,-4.17E+00,0.0772,437,11.95%,4964.8,10.82%,1.10,0.065
SCL(bHLH)/HPC7-Scl-(GSE13511),AVCAGCTG,Human,1.00E-04,-9.31E+00,0.0007,1895,43.21%,18286,40.41%,1.07,0.058
SCL(bHLH)/HPC7-Scl-(GSE13511),AVCAGCTG,Chimp,1.00E-10,-2.52E+01,0,1781,48.71%,19822.6,43.20%,1.13,0.058
Six1(Homeobox)/Myoblast-Six1-ChIP-Chip(GSE20150),GKVTCADRTTWC,Human,1.00E-02,-5.94E+00,0.0122,121,2.76%,958.6,2.12%,1.30,0.094
Six1(Homeobox)/Myoblast-Six1-ChIP-Chip(GSE20150),GKVTCADRTTWC,Chimp,1.00E-01,-3.07E+00,0.1651,87,2.38%,905.7,1.97%,1.21,0.094
Smad2(MAD)/ES-SMAD2-(GSE29422),CTGTCTGG,Human,1.00E+00,-1.90E-01,1,528,12.04%,5655.8,12.50%,0.96,0.150
Smad2(MAD)/ES-SMAD2-(GSE29422),CTGTCTGG,Chimp,1.00E-02,-5.43E+00,0.0319,540,14.77%,6088.7,13.27%,1.11,0.150
Smad3(MAD)/NPC-Smad3-(GSE36673),TWGTCTGV,Human,1.00E+00,-6.32E-01,0.8548,1137,25.92%,11749.8,25.97%,1.00,0.061
Smad3(MAD)/NPC-Smad3-(GSE36673),TWGTCTGV,Chimp,1.00E-01,-4.14E+00,0.0775,1046,28.61%,12395.3,27.01%,1.06,0.061
Smad4(MAD)/ESC-SMAD4-(GSE29422),VBSYGTCTGG,Human,1.00E+00,-3.08E-01,1,534,12.18%,5646.9,12.48%,0.98,0.069
Smad4(MAD)/ESC-SMAD4-(GSE29422),VBSYGTCTGG,Chimp,1.00E+00,-1.93E+00,0.3413,513,14.03%,6158.5,13.42%,1.05,0.069
Sox10(HMG)/SciaticNerve-Sox3-(GSE35132),CCWTTGTYYB,Human,1.00E-14,-3.44E+01,0,886,20.20%,7098.5,15.69%,1.29,0.005
Sox10(HMG)/SciaticNerve-Sox3-(GSE35132),CCWTTGTYYB,Chimp,1.00E-12,-2.93E+01,0,728,19.91%,7069.5,15.41%,1.29,0.005
Sox15(HMG)/CPA-Sox15-(GSE62909),RAACAATGGN,Human,1.00E-14,-3.45E+01,0,665,15.16%,5067.7,11.20%,1.35,0.150
Sox15(HMG)/CPA-Sox15-(GSE62909),RAACAATGGN,Chimp,1.00E-04,-1.11E+01,0.0002,478,13.07%,4981.1,10.86%,1.20,0.150
Sox2(HMG)/mES-Sox2-(GSE11431),BCCATTGTTC,Human,1.00E-23,-5.38E+01,0,563,12.84%,3770.5,8.33%,1.54,0.120
Sox2(HMG)/mES-Sox2-(GSE11431),BCCATTGTTC,Chimp,1.00E-12,-2.80E+01,0,417,11.41%,3683.2,8.03%,1.42,0.120
Sox3(HMG)/NPC-Sox3-(GSE33059),CCWTTGTY,Human,1.00E-30,-7.08E+01,0,1063,24.24%,7822,17.29%,1.40,0.090
Sox3(HMG)/NPC-Sox3-(GSE33059),CCWTTGTY,Chimp,1.00E-15,-3.62E+01,0,806,22.05%,7712.7,16.81%,1.31,0.090
Sox4(HMG)/proB-Sox4-(GSE50066),YCTTTGTTCC,Human,1.00E-09,-2.20E+01,0,468,10.67%,3623,8.01%,1.33,0.012
Sox4(HMG)/proB-Sox4-(GSE50066),YCTTTGTTCC,Chimp,1.00E-07,-1.74E+01,0,386,10.56%,3672.6,8.00%,1.32,0.012
Sox6(HMG)/Myotubes-Sox6-(GSE32627),CCATTGTTNY,Human,1.00E-21,-4.84E+01,0,923,21.04%,7060.7,15.60%,1.35,0.132
Sox6(HMG)/Myotubes-Sox6-(GSE32627),CCATTGTTNY,Chimp,1.00E-07,-1.74E+01,0,689,18.85%,7109.8,15.49%,1.22,0.132
Sox9(HMG)/Limb-SOX9-(GSE73225),AGGVNCCTTTGT,Human,1.00E-08,-1.86E+01,0,435,9.92%,3419.9,7.56%,1.31,0.095
Sox9(HMG)/Limb-SOX9-(GSE73225),AGGVNCCTTTGT,Chimp,1.00E-03,-8.79E+00,0.0022,338,9.25%,3489.2,7.60%,1.22,0.095
Sp1(Zf)/Promoter,GGCCCCGCCCCC,Human,1.00E+00,-1.88E+00,0.3696,107,2.44%,996.9,2.20%,1.11,0.274
Sp1(Zf)/Promoter,GGCCCCGCCCCC,Chimp,1.00E+00,-6.78E-02,1,61,1.67%,917.4,2.00%,0.84,0.274
SPDEF(ETS)/VCaP-SPDEF-(SRA014231),ASWTCCTGBT,Human,1.00E-01,-3.93E+00,0.0689,426,9.71%,3986.3,8.81%,1.10,0.010
SPDEF(ETS)/VCaP-SPDEF-(SRA014231),ASWTCCTGBT,Chimp,1.00E-01,-4.12E+00,0.0775,380,10.39%,4285.9,9.34%,1.11,0.010
SpiB(ETS)/OCILY3-SPIB-(GSE56857),AAAGRGGAAGTG,Human,1.00E+00,-1.17E+00,0.6213,114,2.60%,1120.8,2.48%,1.05,0.087
SpiB(ETS)/OCILY3-SPIB-(GSE56857),AAAGRGGAAGTG,Chimp,1.00E+00,-4.23E-01,0.9567,83,2.27%,1083.4,2.36%,0.96,0.087
Srebp1a(bHLH)/HepG2-Srebp1a-(GSE31477),RTCACSCCAY,Human,1.00E+00,-2.56E-02,1,91,2.07%,1138.3,2.52%,0.82,0.040
Srebp1a(bHLH)/HepG2-Srebp1a-(GSE31477),RTCACSCCAY,Chimp,1.00E+00,-7.39E-02,1,84,2.30%,1225.1,2.67%,0.86,0.040
Srebp2(bHLH)/HepG2-Srebp2-(GSE31477),CGGTCACSCCAC,Human,1.00E+00,-4.75E-04,1,57,1.30%,877.8,1.94%,0.67,0.008
Srebp2(bHLH)/HepG2-Srebp2-(GSE31477),CGGTCACSCCAC,Chimp,1.00E+00,-8.37E-04,1,48,1.31%,910.1,1.98%,0.66,0.008
STAT1(Stat)/HelaS3-STAT1-(GSE12782),NATTTCCNGGAAAT,Human,1.00E+00,-9.71E-01,0.7193,129,2.94%,1292.1,2.86%,1.03,0.015
STAT1(Stat)/HelaS3-STAT1-(GSE12782),NATTTCCNGGAAAT,Chimp,1.00E+00,-1.08E+00,0.6437,106,2.90%,1274.5,2.78%,1.04,0.015
Stat3(Stat)/mES-Stat3-(GSE11431),CTTCCGGGAA,Human,1.00E-01,-4.23E+00,0.0583,207,4.72%,1831.1,4.05%,1.17,0.001
Stat3(Stat)/mES-Stat3-(GSE11431),CTTCCGGGAA,Chimp,1.00E-01,-4.15E+00,0.0775,195,5.33%,2094.9,4.57%,1.17,0.001
Stat3+il21(Stat)/CD4-Stat3-(GSE19198),SVYTTCCNGGAARB,Human,1.00E-01,-2.83E+00,0.1713,292,6.66%,2750.2,6.08%,1.10,0.006
Stat3+il21(Stat)/CD4-Stat3-(GSE19198),SVYTTCCNGGAARB,Chimp,1.00E-01,-2.52E+00,0.2324,259,7.08%,2981.6,6.50%,1.09,0.006
STAT4(Stat)/CD4-Stat4-(GSE22104),NYTTCCWGGAAR,Human,1.00E+00,-2.20E+00,0.288,432,9.85%,4208,9.30%,1.06,0.020
STAT4(Stat)/CD4-Stat4-(GSE22104),NYTTCCWGGAAR,Chimp,1.00E+00,-1.47E+00,0.4849,359,9.82%,4337.8,9.45%,1.04,0.020
STAT5(Stat)/mCD4+-Stat5-(GSE12346),RTTTCTNAGAAA,Human,1.00E+00,-2.27E+00,0.2755,153,3.49%,1422.4,3.14%,1.11,0.190
STAT5(Stat)/mCD4+-Stat5-(GSE12346),RTTTCTNAGAAA,Chimp,1.00E+00,-2.08E-01,1,108,2.95%,1468.7,3.20%,0.92,0.190
STAT6(Stat)/CD4-Stat6-(GSE22104),ABTTCYYRRGAA,Human,1.00E+00,-7.85E-01,0.7905,236,5.38%,2414.4,5.34%,1.01,0.083
STAT6(Stat)/CD4-Stat6-(GSE22104),ABTTCYYRRGAA,Chimp,1.00E+00,-2.19E+00,0.2961,202,5.53%,2326.5,5.07%,1.09,0.083
STAT6(Stat)/Macrophage-Stat6-(GSE38377),TTCCKNAGAA,Human,1.00E+00,-5.37E-01,0.884,236,5.38%,2464.6,5.45%,0.99,0.099
STAT6(Stat)/Macrophage-Stat6-(GSE38377),TTCCKNAGAA,Chimp,1.00E+00,-2.08E+00,0.3167,199,5.44%,2300.5,5.01%,1.09,0.099
T1ISRE(IRF)/ThioMac-Ifnb-Expression,ACTTTCGTTTCT,Human,1.00E+00,-2.41E-01,1,3,0.07%,43,0.10%,0.70,0.700
T1ISRE(IRF)/ThioMac-Ifnb-Expression,ACTTTCGTTTCT,Chimp,1.00E+00,0.00E+00,1,0,0.00%,52,0.11%,0.00,0.700
TATA-Box(TBP)/Promoter,CCTTTTAWAGSC,Human,1.00E-01,-4.22E+00,0.0583,678,15.46%,6464.2,14.29%,1.08,0.063
TATA-Box(TBP)/Promoter,CCTTTTAWAGSC,Chimp,1.00E-03,-7.73E+00,0.005,556,15.21%,6100.3,13.29%,1.14,0.063
Tbet(T-box)/CD8-Tbet-(GSE33802),AGGTGTGAAM,Human,1.00E+00,-4.14E-01,0.9587,480,10.94%,5037.2,11.13%,0.98,0.016
Tbet(T-box)/CD8-Tbet-(GSE33802),AGGTGTGAAM,Chimp,1.00E+00,-2.76E-01,1,377,10.31%,4891.6,10.66%,0.97,0.016
"Tbox:Smad(T-box,MAD)/ESCd5-Smad2_3-(GSE29422)",AGGTGHCAGACA,Human,1.00E+00,-1.15E+00,0.6303,70,1.60%,679.6,1.50%,1.07,0.150
"Tbox:Smad(T-box,MAD)/ESCd5-Smad2_3-(GSE29422)",AGGTGHCAGACA,Chimp,1.00E-01,-2.89E+00,0.184,70,1.91%,719.1,1.57%,1.22,0.150
Tbx20(T-box)/Heart-Tbx20-(GSE29636),GGTGYTGACAGS,Human,1.00E+00,-1.36E-01,1,57,1.30%,677.9,1.50%,0.87,0.195
Tbx20(T-box)/Heart-Tbx20-(GSE29636),GGTGYTGACAGS,Chimp,1.00E+00,-1.09E+00,0.6402,57,1.56%,672.6,1.47%,1.06,0.195
Tbx5(T-box)/HL1-Tbx5.biotin-(GSE21529),AGGTGTCA,Human,1.00E+00,-2.59E-04,1,1463,33.36%,16219.5,35.85%,0.93,0.019
Tbx5(T-box)/HL1-Tbx5.biotin-(GSE21529),AGGTGTCA,Chimp,1.00E+00,-2.00E-05,1,1214,33.21%,16719.4,36.44%,0.91,0.019
Tcf12(bHLH)/GM12878-Tcf12-(GSE32465),VCAGCTGYTG,Human,1.00E-01,-3.08E+00,0.1382,364,8.30%,3442,7.61%,1.09,0.119
Tcf12(bHLH)/GM12878-Tcf12-(GSE32465),VCAGCTGYTG,Chimp,1.00E-04,-9.62E+00,0.0011,392,10.72%,4067.6,8.86%,1.21,0.119
Tcf21(bHLH)/ArterySmoothMuscle-Tcf21-(GSE61369),NAACAGCTGG,Human,1.00E+00,-1.22E+00,0.61,340,7.75%,3407.7,7.53%,1.03,0.214
Tcf21(bHLH)/ArterySmoothMuscle-Tcf21-(GSE61369),NAACAGCTGG,Chimp,1.00E-05,-1.19E+01,0.0001,392,10.72%,3955.1,8.62%,1.24,0.214
Tcf3(HMG)/mES-Tcf3-(GSE11724),ASWTCAAAGG,Human,1.00E+00,-1.36E+00,0.5572,101,2.30%,973.3,2.15%,1.07,0.200
Tcf3(HMG)/mES-Tcf3-(GSE11724),ASWTCAAAGG,Chimp,1.00E-02,-4.69E+00,0.0577,105,2.87%,1037.7,2.26%,1.27,0.200
Tcf4(HMG)/Hct116-Tcf4-(SRA012054),ASATCAAAGGVA,Human,1.00E+00,-2.35E-02,1,166,3.78%,1981.1,4.38%,0.86,0.297
Tcf4(HMG)/Hct116-Tcf4-(SRA012054),ASATCAAAGGVA,Chimp,1.00E-01,-3.66E+00,0.1063,178,4.87%,1926.1,4.20%,1.16,0.297
Tcfcp2l1(CP2)/mES-Tcfcp2l1-(GSE11431),NRAACCRGTTYRAACCRGYT,Human,1.00E+00,-1.64E+00,0.4476,43,0.98%,385.9,0.85%,1.15,0.045
Tcfcp2l1(CP2)/mES-Tcfcp2l1-(GSE11431),NRAACCRGTTYRAACCRGYT,Chimp,1.00E+00,-2.03E+00,0.3207,40,1.09%,415.5,0.91%,1.20,0.045
TCFL2(HMG)/K562-TCF7L2-(GSE29196),ACWTCAAAGG,Human,1.00E+00,-8.00E-02,1,20,0.46%,275.9,0.61%,0.75,0.200
TCFL2(HMG)/K562-TCF7L2-(GSE29196),ACWTCAAAGG,Chimp,1.00E+00,-4.99E-01,0.9227,23,0.63%,301,0.66%,0.95,0.200
TEAD(TEA)/Fibroblast-PU.1-(Unpublished),YCWGGAATGY,Human,1.00E-09,-2.13E+01,0,430,9.80%,3299.6,7.29%,1.34,0.145
TEAD(TEA)/Fibroblast-PU.1-(Unpublished),YCWGGAATGY,Chimp,1.00E-03,-7.45E+00,0.0062,314,8.59%,3283.4,7.16%,1.20,0.145
TEAD2(TEA)/Py2T-Tead2-(GSE55709),CCWGGAATGY,Human,1.00E-03,-7.68E+00,0.0027,291,6.63%,2468.1,5.45%,1.22,0.087
TEAD2(TEA)/Py2T-Tead2-(GSE55709),CCWGGAATGY,Chimp,1.00E-01,-3.43E+00,0.1281,230,6.29%,2555.3,5.57%,1.13,0.087
TEAD4(TEA)/Tropoblast-Tead4-(GSE37350),CCWGGAATGY,Human,1.00E-05,-1.26E+01,0,453,10.33%,3789,8.37%,1.23,0.082
TEAD4(TEA)/Tropoblast-Tead4-(GSE37350),CCWGGAATGY,Chimp,1.00E-02,-5.79E+00,0.0237,357,9.76%,3884.8,8.47%,1.15,0.082
Tgif1(Homeobox)/mES-Tgif1-(GSE55404),YTGWCADY,Human,1.00E+00,-7.85E-01,0.7905,1306,29.78%,13435,29.69%,1.00,0.002
Tgif1(Homeobox)/mES-Tgif1-(GSE55404),YTGWCADY,Chimp,1.00E+00,-8.61E-01,0.7413,1070,29.27%,13357.7,29.11%,1.01,0.002
Tgif2(Homeobox)/mES-Tgif2-(GSE55404),TGTCANYT,Human,1.00E+00,-4.27E-01,0.9587,1373,31.30%,14284.1,31.57%,0.99,0.005
Tgif2(Homeobox)/mES-Tgif2-(GSE55404),TGTCANYT,Chimp,1.00E+00,-5.81E-01,0.8769,1138,31.13%,14330.3,31.23%,1.00,0.005
THRa(NR)/C17.2-THRa-(GSE38347),GGTCANYTGAGGWCA,Human,1.00E+00,-2.00E-06,1,165,3.76%,2372,5.24%,0.72,0.016
THRa(NR)/C17.2-THRa-(GSE38347),GGTCANYTGAGGWCA,Chimp,1.00E+00,-1.00E-06,1,150,4.10%,2680.8,5.84%,0.70,0.016
Tlx?(NR)/NPC-H3K4me1-(GSE16256),CTGGCAGSCTGCCA,Human,1.00E+00,-1.09E-01,1,129,2.94%,1478.8,3.27%,0.90,0.082
Tlx?(NR)/NPC-H3K4me1-(GSE16256),CTGGCAGSCTGCCA,Chimp,1.00E+00,-5.08E-01,0.9185,132,3.61%,1689.4,3.68%,0.98,0.082
"TR4(NR),DR1/Hela-TR4-(GSE24685)",GAGGTCAAAGGTCA,Human,1.00E+00,-9.58E-01,0.7236,35,0.80%,340.9,0.75%,1.07,0.098
"TR4(NR),DR1/Hela-TR4-(GSE24685)",GAGGTCAAAGGTCA,Chimp,1.00E+00,-1.56E+00,0.4521,31,0.85%,332.7,0.73%,1.16,0.098
Unknown-ESC-element(?)/mES-Nanog-(GSE11724),CACAGCAGGGGG,Human,1.00E-05,-1.23E+01,0,284,6.48%,2240,4.95%,1.31,0.256
Unknown-ESC-element(?)/mES-Nanog-(GSE11724),CACAGCAGGGGG,Chimp,1.00E-14,-3.24E+01,0,317,8.67%,2540.3,5.54%,1.56,0.256
Unknown(Homeobox)/Limb-p300-,SSCMATWAAA,Human,1.00E+00,-5.55E-01,0.8835,318,7.25%,3310.9,7.32%,0.99,0.003
Unknown(Homeobox)/Limb-p300-,SSCMATWAAA,Chimp,1.00E+00,-5.32E-01,0.9124,252,6.89%,3201.5,6.98%,0.99,0.003
USF1(bHLH)/GM12878-Usf1-(GSE32465),SGTCACGTGR,Human,1.00E+00,-1.19E+00,0.6172,130,2.96%,1279.5,2.83%,1.05,0.205
USF1(bHLH)/GM12878-Usf1-(GSE32465),SGTCACGTGR,Chimp,1.00E+00,-4.25E-02,1,89,2.43%,1327.8,2.89%,0.84,0.205
Usf2(bHLH)/C2C12-Usf2-(GSE36030),GTCACGTGGT,Human,1.00E+00,-2.63E-01,1,105,2.39%,1159,2.56%,0.93,0.011
Usf2(bHLH)/C2C12-Usf2-(GSE36030),GTCACGTGGT,Chimp,1.00E+00,-2.32E-01,1,91,2.49%,1237.7,2.70%,0.92,0.011
"VDR(NR),DR3/GM10855-VDR+vitD-(GSE22484)",ARAGGTCANWGAGTTCANNN,Human,1.00E+00,-9.33E-02,1,65,1.48%,784.1,1.73%,0.86,0.317
"VDR(NR),DR3/GM10855-VDR+vitD-(GSE22484)",ARAGGTCANWGAGTTCANNN,Chimp,1.00E-01,-2.36E+00,0.2544,77,2.11%,826.8,1.80%,1.17,0.317
X-box(HTH)/NPC-H3K4me1-(GSE16256),GGTTGCCATGGCAA,Human,1.00E-01,-3.95E+00,0.0683,45,1.03%,333.5,0.74%,1.39,0.006
X-box(HTH)/NPC-H3K4me1-(GSE16256),GGTTGCCATGGCAA,Chimp,1.00E-01,-3.70E+00,0.1043,40,1.09%,359.3,0.78%,1.40,0.006
YY1(Zf)/Promoter,CAAGATGGCGGC,Human,1.00E+00,-2.54E-01,1,18,0.41%,217.7,0.48%,0.85,0.691
YY1(Zf)/Promoter,CAAGATGGCGGC,Chimp,1.00E-01,-3.75E+00,0.1011,25,0.68%,202.1,0.44%,1.55,0.691
ZBTB12(Zf)/HEK293-ZBTB12.GFP-(GSE58341),NGNTCTAGAACCNGV,Human,1.00E+00,-1.06E-02,1,124,2.83%,1554.6,3.44%,0.82,0.004
ZBTB12(Zf)/HEK293-ZBTB12.GFP-(GSE58341),NGNTCTAGAACCNGV,Chimp,1.00E+00,-1.79E-02,1,106,2.90%,1611,3.51%,0.83,0.004
ZBTB18(Zf)/HEK293-ZBTB18.GFP-(GSE58341),AACATCTGGA,Human,1.00E+00,-2.07E-01,1,164,3.74%,1806.8,3.99%,0.94,0.178
ZBTB18(Zf)/HEK293-ZBTB18.GFP-(GSE58341),AACATCTGGA,Chimp,1.00E-01,-2.65E+00,0.2115,188,5.14%,2117.3,4.61%,1.11,0.178
ZBTB33(Zf)/GM12878-ZBTB33-(GSE32465),GGVTCTCGCGAGAAC,Human,1.00E+00,-4.15E-02,1,6,0.14%,112.7,0.25%,0.56,0.019
ZBTB33(Zf)/GM12878-ZBTB33-(GSE32465),GGVTCTCGCGAGAAC,Chimp,1.00E+00,-9.90E-02,1,4,0.11%,85.7,0.19%,0.58,0.019
ZFP3(Zf)/HEK293-ZFP3.GFP-(GSE58341),GGGTTTTGAAGGATGARTAGGAGTT,Human,1.00E+00,-1.90E+00,0.3664,4,0.09%,22,0.05%,1.80,1.800
ZFP3(Zf)/HEK293-ZFP3.GFP-(GSE58341),GGGTTTTGAAGGATGARTAGGAGTT,Chimp,1.00E+00,0.00E+00,1,0,0.00%,28.3,0.06%,0.00,1.800
Zfp809(Zf)/ES-Zfp809-(GSE70799),GGGGCTYGKCTGGGA,Human,1.00E+00,-2.17E+00,0.2902,77,1.76%,688.4,1.52%,1.16,0.221
Zfp809(Zf)/ES-Zfp809-(GSE70799),GGGGCTYGKCTGGGA,Chimp,1.00E+00,-3.38E-01,0.9949,71,1.94%,947.6,2.07%,0.94,0.221
ZFX(Zf)/mES-Zfx-(GSE11431),AGGCCTRG,Human,1.00E-01,-3.76E+00,0.081,561,12.79%,5340.6,11.80%,1.08,0.043
ZFX(Zf)/mES-Zfx-(GSE11431),AGGCCTRG,Chimp,1.00E-02,-6.25E+00,0.0176,537,14.69%,5984.1,13.04%,1.13,0.043
Zic(Zf)/Cerebellum-ZIC1.2-(GSE60731),CCTGCTGAGH,Human,1.00E-06,-1.41E+01,0,363,8.28%,2901,6.41%,1.29,0.205
Zic(Zf)/Cerebellum-ZIC1.2-(GSE60731),CCTGCTGAGH,Chimp,1.00E-14,-3.34E+01,0,392,10.72%,3287.4,7.16%,1.50,0.205
ZNF136(Zf)/HEK293-ZNF136.GFP-(GSE58341),YTKGATAHAGTATTCTWGGTNGGCA,Human,1.00E+00,-1.45E+00,0.5148,59,1.35%,550.7,1.22%,1.11,0.213
ZNF136(Zf)/HEK293-ZNF136.GFP-(GSE58341),YTKGATAHAGTATTCTWGGTNGGCA,Chimp,1.00E+00,-2.44E-01,1,40,1.09%,562.1,1.22%,0.89,0.213
ZNF143|STAF(Zf)/CUTLL-ZNF143-(GSE29600),ATTTCCCAGVAKSCY,Human,1.00E+00,-3.85E-02,1,116,2.64%,1398.6,3.09%,0.85,0.073
ZNF143|STAF(Zf)/CUTLL-ZNF143-(GSE29600),ATTTCCCAGVAKSCY,Chimp,1.00E+00,-2.26E-01,1,108,2.95%,1461.1,3.18%,0.93,0.073
ZNF16(Zf)/HEK293-ZNF16.GFP-(GSE58341),MACCTTCYATGGCTCCCTAKTGCCY,Human,1.00E+00,-6.49E-01,0.8548,4,0.09%,39.1,0.09%,1.00,0.600
ZNF16(Zf)/HEK293-ZNF16.GFP-(GSE58341),MACCTTCYATGGCTCCCTAKTGCCY,Chimp,1.00E+00,-1.87E+00,0.3552,6,0.16%,45.9,0.10%,1.60,0.600
ZNF165(Zf)/WHIM12-ZNF165-(GSE65937),AAGGKGRCGCAGGCA,Human,1.00E+00,-2.21E+00,0.288,57,1.30%,495.8,1.10%,1.18,0.130
ZNF165(Zf)/WHIM12-ZNF165-(GSE65937),AAGGKGRCGCAGGCA,Chimp,1.00E-01,-3.77E+00,0.101,60,1.64%,573.5,1.25%,1.31,0.130
ZNF189(Zf)/HEK293-ZNF189.GFP-(GSE58341),TGGAACAGMA,Human,1.00E+00,-1.92E+00,0.3636,350,7.98%,3416.6,7.55%,1.06,0.020
ZNF189(Zf)/HEK293-ZNF189.GFP-(GSE58341),TGGAACAGMA,Chimp,1.00E-01,-2.40E+00,0.2531,312,8.53%,3635.3,7.92%,1.08,0.020
Znf263(Zf)/K562-Znf263-(GSE31477),CVGTSCTCCC,Human,1.00E+00,-3.94E-01,0.9695,771,17.58%,8068.9,17.83%,0.99,0.034
Znf263(Zf)/K562-Znf263-(GSE31477),CVGTSCTCCC,Chimp,1.00E+00,-1.25E+00,0.5694,724,19.80%,8913.1,19.42%,1.02,0.034
ZNF264(Zf)/HEK293-ZNF264.GFP-(GSE58341),RGGGCACTAACY,Human,1.00E+00,-1.88E+00,0.3696,214,4.88%,2057.3,4.55%,1.07,0.043
ZNF264(Zf)/HEK293-ZNF264.GFP-(GSE58341),RGGGCACTAACY,Chimp,1.00E-01,-2.81E+00,0.1965,208,5.69%,2342.2,5.10%,1.12,0.043
ZNF317(Zf)/HEK293-ZNF317.GFP-(GSE58341),GTCWGCTGTYYCTCT,Human,1.00E+00,-2.11E-01,1,26,0.59%,313.7,0.69%,0.86,0.145
ZNF317(Zf)/HEK293-ZNF317.GFP-(GSE58341),GTCWGCTGTYYCTCT,Chimp,1.00E+00,-6.65E-01,0.8287,27,0.74%,337.5,0.74%,1.00,0.145
ZNF322(Zf)/HEK293-ZNF322.GFP-(GSE58341),GAGCCTGGTACTGWGCCTGR,Human,1.00E+00,-9.97E-01,0.7046,104,2.37%,1035.3,2.29%,1.03,0.091
ZNF322(Zf)/HEK293-ZNF322.GFP-(GSE58341),GAGCCTGGTACTGWGCCTGR,Chimp,1.00E+00,-3.08E-01,0.9949,98,2.68%,1304.4,2.84%,0.94,0.091
ZNF382(Zf)/HEK293-ZNF382.GFP-(GSE58341),GNCTGTASTRNTGBCTCHTT,Human,1.00E+00,-4.61E-01,0.9317,8,0.18%,89.4,0.20%,0.90,0.005
ZNF382(Zf)/HEK293-ZNF382.GFP-(GSE58341),GNCTGTASTRNTGBCTCHTT,Chimp,1.00E+00,-4.27E-01,0.9567,7,0.19%,97.1,0.21%,0.90,0.005
ZNF41(Zf)/HEK293-ZNF41.GFP-(GSE58341),CCTCATGGTGYCYTWYTCCCTTGTG,Human,1.00E+00,-1.08E-01,1,10,0.23%,146.8,0.32%,0.72,0.361
ZNF41(Zf)/HEK293-ZNF41.GFP-(GSE58341),CCTCATGGTGYCYTWYTCCCTTGTG,Chimp,1.00E+00,-8.35E-01,0.7498,10,0.27%,115.1,0.25%,1.08,0.361
ZNF415(Zf)/HEK293-ZNF415.GFP-(GSE58341),GRTGMTRGAGCC,Human,1.00E+00,-4.18E-02,1,169,3.85%,1978.8,4.37%,0.88,0.074
ZNF415(Zf)/HEK293-ZNF415.GFP-(GSE58341),GRTGMTRGAGCC,Chimp,1.00E+00,-3.12E-01,0.9949,162,4.43%,2127.7,4.64%,0.95,0.074
ZNF416(Zf)/HEK293-ZNF416.GFP-(GSE58341),WDNCTGGGCA,Human,1.00E+00,0.00E+00,1,602,13.73%,7429.6,16.42%,0.84,0.001
ZNF416(Zf)/HEK293-ZNF416.GFP-(GSE58341),WDNCTGGGCA,Chimp,1.00E+00,-1.00E-06,1,554,15.15%,8329.9,18.15%,0.83,0.001
ZNF467(Zf)/HEK293-ZNF467.GFP-(GSE58341),TGGGGAAGGGCM,Human,1.00E-02,-4.65E+00,0.04,416,9.48%,3834.4,8.47%,1.12,0.006
ZNF467(Zf)/HEK293-ZNF467.GFP-(GSE58341),TGGGGAAGGGCM,Chimp,1.00E-02,-4.65E+00,0.0587,377,10.31%,4205.5,9.16%,1.13,0.006
ZNF519(Zf)/HEK293-ZNF519.GFP-(GSE58341),GAGSCCGAGC,Human,1.00E+00,-4.28E-01,0.9587,69,1.57%,742.8,1.64%,0.96,0.189
ZNF519(Zf)/HEK293-ZNF519.GFP-(GSE58341),GAGSCCGAGC,Chimp,1.00E+00,-2.09E+00,0.3167,77,2.11%,842.7,1.84%,1.15,0.189
ZNF528(Zf)/HEK293-ZNF528.GFP-(GSE58341),AGAAATGACTTCCCT,Human,1.00E+00,-2.18E+00,0.2885,3,0.07%,12.1,0.03%,2.33,0.333
ZNF528(Zf)/HEK293-ZNF528.GFP-(GSE58341),AGAAATGACTTCCCT,Chimp,1.00E-01,-3.49E+00,0.1232,6,0.16%,29.5,0.06%,2.67,0.333
ZNF669(Zf)/HEK293-ZNF669.GFP-(GSE58341),GARTGGTCATCGCCC,Human,1.00E+00,-1.18E+00,0.6172,23,0.52%,210.2,0.46%,1.13,0.363
ZNF669(Zf)/HEK293-ZNF669.GFP-(GSE58341),GARTGGTCATCGCCC,Chimp,1.00E+00,-1.59E-01,1,12,0.33%,196.7,0.43%,0.77,0.363
ZNF675(Zf)/HEK293-ZNF675.GFP-(GSE58341),ARGAGGMCAAAATGW,Human,1.00E+00,-1.38E-01,1,55,1.25%,654.6,1.45%,0.86,0.013
ZNF675(Zf)/HEK293-ZNF675.GFP-(GSE58341),ARGAGGMCAAAATGW,Chimp,1.00E+00,-1.77E-01,1,46,1.26%,660.2,1.44%,0.88,0.013
ZNF692(Zf)/HEK293-ZNF692.GFP-(GSE58341),GTGGGCCCCA,Human,1.00E+00,-1.96E-01,1,48,1.09%,560.5,1.24%,0.88,0.160
ZNF692(Zf)/HEK293-ZNF692.GFP-(GSE58341),GTGGGCCCCA,Chimp,1.00E+00,-8.72E-01,0.7388,49,1.34%,593.4,1.29%,1.04,0.160
ZNF711(Zf)/SHSY5Y-ZNF711-(GSE20673),AGGCCTAG,Human,1.00E+00,-8.22E-01,0.779,770,17.56%,7900.5,17.46%,1.01,0.017
ZNF711(Zf)/SHSY5Y-ZNF711-(GSE20673),AGGCCTAG,Chimp,1.00E+00,-1.38E+00,0.5205,711,19.45%,8721,19.01%,1.02,0.017
ZSCAN22(Zf)/HEK293-ZSCAN22.GFP-(GSE58341),SMCAGTCWGAKGGAGGAGGC,Human,1.00E+00,-2.28E-01,1,25,0.57%,299.7,0.66%,0.86,0.265
ZSCAN22(Zf)/HEK293-ZSCAN22.GFP-(GSE58341),SMCAGTCWGAKGGAGGAGGC,Chimp,1.00E+00,-1.27E+00,0.5598,32,0.88%,358.2,0.78%,1.13,0.265